case_idx,query_field,query,target_path,target_in_index,category,hit_top5,rank,result_paths,result_paths_list,problem_type,problem_priority,rank_sort,reason_bucket,target_top_dir,target_parent,top1_path,any_same_parent,any_same_top_dir
1,simple_task_zh,我想了解在网络仿真中，主节点和从节点的基本定义和区别。,CAPLFunctions/Glossary.md,True,查询核心概念与技术细节,False,,"['CANoeCANalyzer/General/HELP_NETNODES.md', 'COMInterface/Objects/COMObjectNode.md', 'CAPLFunctions/Security/Functions/CAPLfunctionSecurityLocalStartControlSimulationNode.md', 'CANoeCANalyzer/MOST/MOST_Simulation_Concept/most_simulation-concept.md', 'CANoeCANalyzer/MOST/MOSTSimulationMode.md']","['CANoeCANalyzer/General/HELP_NETNODES.md', 'COMInterface/Objects/COMObjectNode.md', 'CAPLFunctions/Security/Functions/CAPLfunctionSecurityLocalStartControlSimulationNode.md', 'CANoeCANalyzer/MOST/MOST_Simulation_Concept/most_simulation-concept.md', 'CANoeCANalyzer/MOST/MOSTSimulationMode.md']",miss,0,99.0,same_top_module_candidates,CAPLFunctions,CAPLFunctions,CANoeCANalyzer/General/HELP_NETNODES.md,False,True
1,complex_task_zh,作为一个刚接触车载网络仿真的新手，我不确定在脚本中提到的‘主从’架构具体指什么。我需要确认哪些节点可以发送帧头，以及从节点是如何响应数据的，以便正确配置我的仿真环境。,CAPLFunctions/Glossary.md,True,查询核心概念与技术细节,False,,"['CANoeCANalyzer/MOST/MOST_Simulation_Concept/most_simulation-concept.md', 'CANoeCANalyzer/FunctionBlocks/MOSTNetworkMaster.md', 'CANoeCANalyzer/MOST/MOSTSimulationMode.md', 'CANoeCANalyzer/FunctionBlocks/LINInteractiveScheduler/LINiscNetwork.md', 'CANoeCANalyzer/SmartCharging/SCProcedures/SCFirstSteps.md']","['CANoeCANalyzer/MOST/MOST_Simulation_Concept/most_simulation-concept.md', 'CANoeCANalyzer/FunctionBlocks/MOSTNetworkMaster.md', 'CANoeCANalyzer/MOST/MOSTSimulationMode.md', 'CANoeCANalyzer/FunctionBlocks/LINInteractiveScheduler/LINiscNetwork.md', 'CANoeCANalyzer/SmartCharging/SCProcedures/SCFirstSteps.md']",miss,0,99.0,semantic_drift_or_sparse_signal,CAPLFunctions,CAPLFunctions,CANoeCANalyzer/MOST/MOST_Simulation_Concept/most_simulation-concept.md,False,False
2,simple_task_zh,我想查找CAPL语言中各类函数和事件过程的分类概览。,CAPLFunctions/CAPLfunctions.md,True,查询模块总览与导航,False,,"['CAPLFunctions/Other/CAPLGeneralStartPage.md', 'CAPLFunctions/Other/CAPLfunctionsEventProceduresOverview.md', 'Shared/FunctionExplorer.md', 'COMInterface/Objects/COMObjectCAPLFunction.md', 'Shared/CAPL/General/Functions.md']","['CAPLFunctions/Other/CAPLGeneralStartPage.md', 'CAPLFunctions/Other/CAPLfunctionsEventProceduresOverview.md', 'Shared/FunctionExplorer.md', 'COMInterface/Objects/COMObjectCAPLFunction.md', 'Shared/CAPL/General/Functions.md']",miss,0,99.0,same_top_module_candidates,CAPLFunctions,CAPLFunctions,CAPLFunctions/Other/CAPLGeneralStartPage.md,False,True
2,simple_task_en,I want to find a categorical overview of various functions and event procedures in the CAPL language.,CAPLFunctions/CAPLfunctions.md,True,查询模块总览与导航,False,,"['CAPLFunctions/Other/CAPLGeneralStartPage.md', 'CAPLFunctions/Other/CAPLfunctionsEventProceduresOverview.md', 'Shared/FunctionExplorer.md', 'CAPLFunctions/Obsolete/CAPLfunctionsDeprecatedOverview.md', 'CAPLFunctions/Scope/CAPLfunctionsScopeOverview.md']","['CAPLFunctions/Other/CAPLGeneralStartPage.md', 'CAPLFunctions/Other/CAPLfunctionsEventProceduresOverview.md', 'Shared/FunctionExplorer.md', 'CAPLFunctions/Obsolete/CAPLfunctionsDeprecatedOverview.md', 'CAPLFunctions/Scope/CAPLfunctionsScopeOverview.md']",miss,0,99.0,same_top_module_candidates,CAPLFunctions,CAPLFunctions,CAPLFunctions/Other/CAPLGeneralStartPage.md,False,True
3,simple_task_zh,我想了解该仿真工具的核心功能和它可以处理的常见任务。,CANoeCANalyzer/CANoeCANalyzer.md,True,查询模块总览与导航,False,,"['COMInterface/Properties/COMPropertySimulation.md', 'CANoeCANalyzer/SimulationStimulation/SimulationStimulationFeatures.md', 'COMInterface/Objects/COMObjectSimulation.md', 'CAPLFunctions/Other/Functions/CAPLfunctionIsSimulated.md', 'CANoeCANalyzer/SimulationStimulation/SimulationStimulationConcept.md']","['COMInterface/Properties/COMPropertySimulation.md', 'CANoeCANalyzer/SimulationStimulation/SimulationStimulationFeatures.md', 'COMInterface/Objects/COMObjectSimulation.md', 'CAPLFunctions/Other/Functions/CAPLfunctionIsSimulated.md', 'CANoeCANalyzer/SimulationStimulation/SimulationStimulationConcept.md']",miss,0,99.0,same_top_module_candidates,CANoeCANalyzer,CANoeCANalyzer,COMInterface/Properties/COMPropertySimulation.md,False,True
3,complex_task_zh,我司刚引入了一套测试系统，我需要全面了解这个软件在整个开发周期中能起到什么作用，以及它有哪些常用的操作流程，比如如何录制数据、如何进行剩余总线仿真等基础知识。,CANoeCANalyzer/CANoeCANalyzer.md,True,查询模块总览与导航,False,,"['CANoeCANalyzer/ISO11783/SimulationAndTest.md', 'TestCommands/CheckReport/CRSUT.md', 'SampConf/MOST/CANoe/MOSTSystemDemo/MOSTSystemDemoTestCN.md', 'CANoeCANalyzer/Test/TestFeatures.md', 'SampConf/MOST/CANoe/Tester/testerOverviewCn.md']","['CANoeCANalyzer/ISO11783/SimulationAndTest.md', 'TestCommands/CheckReport/CRSUT.md', 'SampConf/MOST/CANoe/MOSTSystemDemo/MOSTSystemDemoTestCN.md', 'CANoeCANalyzer/Test/TestFeatures.md', 'SampConf/MOST/CANoe/Tester/testerOverviewCn.md']",miss,0,99.0,same_top_module_candidates,CANoeCANalyzer,CANoeCANalyzer,CANoeCANalyzer/ISO11783/SimulationAndTest.md,False,True
3,simple_task_en,I want to understand the core functions of this simulation tool and the common tasks it can handle.,CANoeCANalyzer/CANoeCANalyzer.md,True,查询模块总览与导航,False,,"['COMInterface/Properties/COMPropertySimulation.md', 'CANoeCANalyzer/Ribbon/RibbonStimulationSimulation.md', 'COMInterface/Objects/COMObjectSimulation.md', 'CANoeCANalyzer/J1939/blocks/gnsssimulator/gsMainWnd.md', 'CANoeCANalyzer/SimulationStimulation/SimulationStimulationFeatures.md']","['COMInterface/Properties/COMPropertySimulation.md', 'CANoeCANalyzer/Ribbon/RibbonStimulationSimulation.md', 'COMInterface/Objects/COMObjectSimulation.md', 'CANoeCANalyzer/J1939/blocks/gnsssimulator/gsMainWnd.md', 'CANoeCANalyzer/SimulationStimulation/SimulationStimulationFeatures.md']",miss,0,99.0,same_top_module_candidates,CANoeCANalyzer,CANoeCANalyzer,COMInterface/Properties/COMPropertySimulation.md,False,True
3,complex_task_en,"My company just introduced a testing system, and I need to comprehensively understand the role this software plays throughout the development cycle, as well as its common operational workflows, such as how to record data and how to perform remaining bus simulation.",CANoeCANalyzer/CANoeCANalyzer.md,True,查询模块总览与导航,False,,"['CANoeCANalyzer/ISO11783/SimulationAndTest.md', 'CANoeCANalyzer/SimulationStimulation/ConfigurationRemainingBusSimulation.md', 'CANoeCANalyzer/Windows/SimulationSetup/SimulationSetupConcepts.md', 'CANoeCANalyzer/SimulationStimulation/SimulationStimulationFeatures.md', 'CANoeCANalyzer/SimulationStimulation/SimulationStimulationConcept.md']","['CANoeCANalyzer/ISO11783/SimulationAndTest.md', 'CANoeCANalyzer/SimulationStimulation/ConfigurationRemainingBusSimulation.md', 'CANoeCANalyzer/Windows/SimulationSetup/SimulationSetupConcepts.md', 'CANoeCANalyzer/SimulationStimulation/SimulationStimulationFeatures.md', 'CANoeCANalyzer/SimulationStimulation/SimulationStimulationConcept.md']",miss,0,99.0,same_top_module_candidates,CANoeCANalyzer,CANoeCANalyzer,CANoeCANalyzer/ISO11783/SimulationAndTest.md,False,True
4,simple_task_zh,我想知道这个软件套件里除了主程序外，还有哪些辅助工具可以使用。,CANoeCANalyzer/CANoeCANalyzerTools.md,True,查询模块总览与导航,False,,"['SampConf/ISO11783/CANoe/MoreExamples/AuxiliaryDemo/AuxiliaryDemo_CN.md', 'CANoeCANalyzer/Ribbon/File/Options/ExternalPrograms/ExternalProgramsTools.md', 'CANoeCANalyzer/FunctionBlocks/ProgramNode/help_caplboxan_2.md', 'CANoeCANalyzer/VTPPlatformManager/VN8800Series_AppControl.md', 'CAPLBrowser/CAPLBrowserWindows.md']","['SampConf/ISO11783/CANoe/MoreExamples/AuxiliaryDemo/AuxiliaryDemo_CN.md', 'CANoeCANalyzer/Ribbon/File/Options/ExternalPrograms/ExternalProgramsTools.md', 'CANoeCANalyzer/FunctionBlocks/ProgramNode/help_caplboxan_2.md', 'CANoeCANalyzer/VTPPlatformManager/VN8800Series_AppControl.md', 'CAPLBrowser/CAPLBrowserWindows.md']",miss,0,99.0,same_top_module_candidates,CANoeCANalyzer,CANoeCANalyzer,SampConf/ISO11783/CANoe/MoreExamples/AuxiliaryDemo/AuxiliaryDemo_CN.md,False,True
4,complex_task_zh,在配置仿真环境时，我发现需要编辑数据库文件和管理安全配置文件。我想查一下这个软件生态中是否有专门的编辑器或配置管理工具，以及如何启动这些工具来辅助我的脚本开发工作。,CANoeCANalyzer/CANoeCANalyzerTools.md,True,查询模块总览与导航,False,,"['CANoeCANalyzer/Ribbon/File/Options/ExternalPrograms/ExternalProgramsTools.md', 'CANoeCANalyzer/Windows/SimulationSetup/SimulationSetupDatabaseRename.md', 'CANoeCANalyzer/Security/SecuritySetup.md', 'CANoeCANalyzer/General/DatabaseEditors.md', 'CANoeCANalyzer/Windows/SimulationSetup/SimulationSetupAssistantDefineBusesDatabases.md']","['CANoeCANalyzer/Ribbon/File/Options/ExternalPrograms/ExternalProgramsTools.md', 'CANoeCANalyzer/Windows/SimulationSetup/SimulationSetupDatabaseRename.md', 'CANoeCANalyzer/Security/SecuritySetup.md', 'CANoeCANalyzer/General/DatabaseEditors.md', 'CANoeCANalyzer/Windows/SimulationSetup/SimulationSetupAssistantDefineBusesDatabases.md']",miss,0,99.0,same_top_module_candidates,CANoeCANalyzer,CANoeCANalyzer,CANoeCANalyzer/Ribbon/File/Options/ExternalPrograms/ExternalProgramsTools.md,False,True
4,simple_task_en,I want to know what auxiliary tools are available in this software suite besides the main program.,CANoeCANalyzer/CANoeCANalyzerTools.md,True,查询模块总览与导航,False,,"['SampConf/ISO11783/CANoe/MoreExamples/AuxiliaryDemo/AuxiliaryDemo_CN.md', 'CANoeCANalyzer/ISO11783/ISO11783IL/ILObjectPoolComponent/ILOPSupportAuxiliaryControl.md', 'CANoeCANalyzer/ISO11783/VirtualTerminalWindow/PageAuxiliary.md', 'CAPLFunctions/ISO11783/ISOInteractionLayer/Functions/CAPLfunctionIso11783ILOPOnAuxiliaryInput.md', 'CAPLBrowser/CAPLBrowserWindows.md']","['SampConf/ISO11783/CANoe/MoreExamples/AuxiliaryDemo/AuxiliaryDemo_CN.md', 'CANoeCANalyzer/ISO11783/ISO11783IL/ILObjectPoolComponent/ILOPSupportAuxiliaryControl.md', 'CANoeCANalyzer/ISO11783/VirtualTerminalWindow/PageAuxiliary.md', 'CAPLFunctions/ISO11783/ISOInteractionLayer/Functions/CAPLfunctionIso11783ILOPOnAuxiliaryInput.md', 'CAPLBrowser/CAPLBrowserWindows.md']",miss,0,99.0,same_top_module_candidates,CANoeCANalyzer,CANoeCANalyzer,SampConf/ISO11783/CANoe/MoreExamples/AuxiliaryDemo/AuxiliaryDemo_CN.md,False,True
4,complex_task_en,"While configuring the simulation environment, I found that I need to edit database files and manage security configuration files. I want to check if there are specialized editors or configuration management tools in this software ecosystem and how to launch them to assist my script development.",CANoeCANalyzer/CANoeCANalyzerTools.md,True,查询模块总览与导航,False,,"['CANoeCANalyzer/Windows/SimulationSetup/SimulationSetupDatabaseRename.md', 'CANoeCANalyzer/Security/SecuritySetup.md', 'CANoeCANalyzer/Windows/SimulationSetup/SimulationSetupAssistantDefineBusesDatabases.md', 'CANoeCANalyzer/Windows/SimulationSetup/SimulationSetupAssignDatabase.md', 'CANoeCANalyzer/Ribbon/File/Options/ExternalPrograms/ExternalProgramsTools.md']","['CANoeCANalyzer/Windows/SimulationSetup/SimulationSetupDatabaseRename.md', 'CANoeCANalyzer/Security/SecuritySetup.md', 'CANoeCANalyzer/Windows/SimulationSetup/SimulationSetupAssistantDefineBusesDatabases.md', 'CANoeCANalyzer/Windows/SimulationSetup/SimulationSetupAssignDatabase.md', 'CANoeCANalyzer/Ribbon/File/Options/ExternalPrograms/ExternalProgramsTools.md']",miss,0,99.0,same_top_module_candidates,CANoeCANalyzer,CANoeCANalyzer,CANoeCANalyzer/Windows/SimulationSetup/SimulationSetupDatabaseRename.md,False,True
5,simple_task_zh,"我想了解这个软件系列中不同版本（如pro, run, pex）的功能差异。",CANoeCANalyzer/CANoeCANalyzerProductFamily.md,True,查询模块总览与导航,False,,"['CANoeCANalyzer/Diagnostics/DiagISOTPconfig/DiagDescr/DiagnosticsCreatePDX.md', 'CANoeCANalyzer/General/FeatureMatrix.md', 'CANoeCANalyzer/General/Licensing/LicensingInformation.md', 'CAPLFunctions/ISO11783/ISOInteractionLayer/Functions/CAPLfunctionIso11783ILOPGetVersion.md', 'CAPLFunctions/Obsolete/TestISO11783il/CAPLfunctionTestIso11783ILOPGetVersion.md']","['CANoeCANalyzer/Diagnostics/DiagISOTPconfig/DiagDescr/DiagnosticsCreatePDX.md', 'CANoeCANalyzer/General/FeatureMatrix.md', 'CANoeCANalyzer/General/Licensing/LicensingInformation.md', 'CAPLFunctions/ISO11783/ISOInteractionLayer/Functions/CAPLfunctionIso11783ILOPGetVersion.md', 'CAPLFunctions/Obsolete/TestISO11783il/CAPLfunctionTestIso11783ILOPGetVersion.md']",miss,0,99.0,same_top_module_candidates,CANoeCANalyzer,CANoeCANalyzer,CANoeCANalyzer/Diagnostics/DiagISOTPconfig/DiagDescr/DiagnosticsCreatePDX.md,False,True
5,complex_task_zh,我需要为一个新的测试项目选择合适的软件版本。我听说有专门用于执行的GUI版本，也有支持全功能开发和.NET编程的版本，我想查一下它们的具体区别和适用场景，以便向领导申请采购。,CANoeCANalyzer/CANoeCANalyzerProductFamily.md,True,查询模块总览与导航,False,,"['CANoeCANalyzer/Ribbon/File/Options/Programming/ProgrammingNETNamespaces.md', 'Shared/NET.md', 'CANoeCANalyzer/General/FeatureMatrix.md', 'COMInterface/Objects/COMObjectVersion.md', 'CANoeCANalyzer/Ribbon/File/Options/Programming/ProgrammingNETDebugging.md']","['CANoeCANalyzer/Ribbon/File/Options/Programming/ProgrammingNETNamespaces.md', 'Shared/NET.md', 'CANoeCANalyzer/General/FeatureMatrix.md', 'COMInterface/Objects/COMObjectVersion.md', 'CANoeCANalyzer/Ribbon/File/Options/Programming/ProgrammingNETDebugging.md']",miss,0,99.0,same_top_module_candidates,CANoeCANalyzer,CANoeCANalyzer,CANoeCANalyzer/Ribbon/File/Options/Programming/ProgrammingNETNamespaces.md,False,True
5,simple_task_en,"I want to understand the functional differences between different versions (e.g., pro, run, pex) in this software family.",CANoeCANalyzer/CANoeCANalyzerProductFamily.md,True,查询模块总览与导航,False,,"['CANoeCANalyzer/Diagnostics/DiagISOTPconfig/DiagDescr/DiagnosticsCreatePDX.md', 'CANoeCANalyzer/General/FeatureMatrix.md', 'CANoeCANalyzer/General/Licensing/LicensingInformation.md', 'CAPLFunctions/Obsolete/TestISO11783il/CAPLfunctionTestIso11783ILOPGetVersion.md', 'CAPLFunctions/ISO11783/ISOInteractionLayer/Functions/CAPLfunctionIso11783ILOPGetVersion.md']","['CANoeCANalyzer/Diagnostics/DiagISOTPconfig/DiagDescr/DiagnosticsCreatePDX.md', 'CANoeCANalyzer/General/FeatureMatrix.md', 'CANoeCANalyzer/General/Licensing/LicensingInformation.md', 'CAPLFunctions/Obsolete/TestISO11783il/CAPLfunctionTestIso11783ILOPGetVersion.md', 'CAPLFunctions/ISO11783/ISOInteractionLayer/Functions/CAPLfunctionIso11783ILOPGetVersion.md']",miss,0,99.0,same_top_module_candidates,CANoeCANalyzer,CANoeCANalyzer,CANoeCANalyzer/Diagnostics/DiagISOTPconfig/DiagDescr/DiagnosticsCreatePDX.md,False,True
5,complex_task_en,I need to choose the appropriate software version for a new testing project. I heard there are GUI versions specifically for execution and versions that support full development and .NET programming. I want to check their specific differences and application scenarios to apply for procurement.,CANoeCANalyzer/CANoeCANalyzerProductFamily.md,True,查询模块总览与导航,False,,"['CANoeCANalyzer/Ribbon/File/Options/Programming/ProgrammingNETNamespaces.md', 'Shared/NET.md', 'CANoeCANalyzer/Ribbon/File/Options/Programming/ProgrammingNETDebugging.md', 'CANoeCANalyzer/VTPPlatformManager/CANoePlugIN/CANoePlugInExecutionEnvironment.md', 'CANoeCANalyzer/SIL/SILTechnicalDetails.md']","['CANoeCANalyzer/Ribbon/File/Options/Programming/ProgrammingNETNamespaces.md', 'Shared/NET.md', 'CANoeCANalyzer/Ribbon/File/Options/Programming/ProgrammingNETDebugging.md', 'CANoeCANalyzer/VTPPlatformManager/CANoePlugIN/CANoePlugInExecutionEnvironment.md', 'CANoeCANalyzer/SIL/SILTechnicalDetails.md']",miss,0,99.0,same_top_module_candidates,CANoeCANalyzer,CANoeCANalyzer,CANoeCANalyzer/Ribbon/File/Options/Programming/ProgrammingNETNamespaces.md,False,True
6,simple_task_zh,我想查询该工具支持的所有总线测试检查（Checks）的详细列表。,TestCommands/CheckDescriptions.md,True,查询核心概念与技术细节,False,,"['CAPLFunctions/Test/CAPLfunctionsTSLCheckOverview.md', 'CAPLFunctions/Test/CAPLfunctionsTSLOverview.md', 'CAPLFunctions/ObjectOrientedProg/CAPLfunctionsOOPTestCheck.md', 'CANoeCANalyzer/J1939/blocks/obdimmonitor/tabs/obdimmTabTest.md', 'CAPLFunctions/Obsolete/J1939TestServiceLibrary/Functions/CAPLfunctionJ1939TestChkQueryCount.md']","['CAPLFunctions/Test/CAPLfunctionsTSLCheckOverview.md', 'CAPLFunctions/Test/CAPLfunctionsTSLOverview.md', 'CAPLFunctions/ObjectOrientedProg/CAPLfunctionsOOPTestCheck.md', 'CANoeCANalyzer/J1939/blocks/obdimmonitor/tabs/obdimmTabTest.md', 'CAPLFunctions/Obsolete/J1939TestServiceLibrary/Functions/CAPLfunctionJ1939TestChkQueryCount.md']",miss,0,99.0,short_or_under_specified_query,TestCommands,TestCommands,CAPLFunctions/Test/CAPLfunctionsTSLCheckOverview.md,False,False
6,complex_task_zh,"我在编写测试脚本，需要自动监控报文的周期时间和信号值的变化。我记得系统提供了一些内置的检查功能，比如监控周期性发送间隔或信号有效性，我想查一下这些检查在不同总线类型（CAN, LIN, J1939等）上的支持情况。",TestCommands/CheckDescriptions.md,True,查询核心概念与技术细节,False,,"['CANoeCANalyzer/CANopen/TfsNodelayer/Monitoring.md', 'TestCommands/CheckDescriptions/CDSignalCycleTimeAbsolute.md', 'CAPLFunctions/SmartCharging/Functions/CAPLfunctionSCC_SLAC_GetSignalType.md', 'CAPLFunctions/LIN/Selectors/CAPLfunctionLINBaudrateEvent.md', 'SampConf/LIN/CANoe/LINTestServiceLibrary/LINTestServiceLibrarySAEJ2602.md']","['CANoeCANalyzer/CANopen/TfsNodelayer/Monitoring.md', 'TestCommands/CheckDescriptions/CDSignalCycleTimeAbsolute.md', 'CAPLFunctions/SmartCharging/Functions/CAPLfunctionSCC_SLAC_GetSignalType.md', 'CAPLFunctions/LIN/Selectors/CAPLfunctionLINBaudrateEvent.md', 'SampConf/LIN/CANoe/LINTestServiceLibrary/LINTestServiceLibrarySAEJ2602.md']",miss,0,99.0,same_top_module_candidates,TestCommands,TestCommands,CANoeCANalyzer/CANopen/TfsNodelayer/Monitoring.md,False,True
6,simple_task_en,I want to query the detailed list of all bus test checks supported by this tool.,TestCommands/CheckDescriptions.md,True,查询核心概念与技术细节,False,,"['CAPLFunctions/Test/CAPLfunctionsTSLCheckOverview.md', 'CAPLFunctions/Test/CAPLfunctionsTSLOverview.md', 'CANoeCANalyzer/J1939/blocks/obdimmonitor/tabs/obdimmTabTest.md', 'SampConf/LIN/CANoe/LINTestServiceLibrary/LINTestServiceLibrarySAEJ2602.md', 'CAPLFunctions/ISO11783/ISONodeLayer/Functions/CAPLfunctionIso11783getbus.md']","['CAPLFunctions/Test/CAPLfunctionsTSLCheckOverview.md', 'CAPLFunctions/Test/CAPLfunctionsTSLOverview.md', 'CANoeCANalyzer/J1939/blocks/obdimmonitor/tabs/obdimmTabTest.md', 'SampConf/LIN/CANoe/LINTestServiceLibrary/LINTestServiceLibrarySAEJ2602.md', 'CAPLFunctions/ISO11783/ISONodeLayer/Functions/CAPLfunctionIso11783getbus.md']",miss,0,99.0,semantic_drift_or_sparse_signal,TestCommands,TestCommands,CAPLFunctions/Test/CAPLfunctionsTSLCheckOverview.md,False,False
6,complex_task_en,"I am writing a test script and need to automatically monitor message cycle times and signal value changes. I remember the system provides some built-in check functions, such as monitoring periodic transmission intervals or signal validity. I want to check the support for these checks on different bus types (CAN, LIN, J1939, etc.).",TestCommands/CheckDescriptions.md,True,查询核心概念与技术细节,False,,"['CAPLFunctions/CANopen/NodeLayerTFS/Functions/CAPLfunctionCoTfsCheckAndCompareGenericMonitorMessage.md', 'TestCommands/CheckDescriptions/Deprecated/CDJ1939CycleTime.md', 'TestCommands/CheckDescriptions/CDSignalCycleTimeAbsolute.md', 'TestCommands/CheckDescriptions/CDOccurrenceOfMessages.md', 'CAPLFunctions/Test/Functions/CAPLfunctionTestWaitForSignalsAvailable.md']","['CAPLFunctions/CANopen/NodeLayerTFS/Functions/CAPLfunctionCoTfsCheckAndCompareGenericMonitorMessage.md', 'TestCommands/CheckDescriptions/Deprecated/CDJ1939CycleTime.md', 'TestCommands/CheckDescriptions/CDSignalCycleTimeAbsolute.md', 'TestCommands/CheckDescriptions/CDOccurrenceOfMessages.md', 'CAPLFunctions/Test/Functions/CAPLfunctionTestWaitForSignalsAvailable.md']",miss,0,99.0,same_top_module_candidates,TestCommands,TestCommands,CAPLFunctions/CANopen/NodeLayerTFS/Functions/CAPLfunctionCoTfsCheckAndCompareGenericMonitorMessage.md,False,True
15,simple_task_zh,我想查询一些专业术语如'Callback'或'SUT'在CANoe环境下的具体定义。,Shared/Glossary.md,True,查询核心概念与技术细节,False,,"['CANoeCANalyzer/CANoeCANalyzerProductFamily.md', 'CANoeCANalyzer/CANoeCANalyzer.md', 'CANoeCANalyzer/CommunicationConcept/CCComparison.md', 'CANoeCANalyzer/Test/TestConcept.md', 'CANoeCANalyzer/CANoeCANalyzerConcept.md']","['CANoeCANalyzer/CANoeCANalyzerProductFamily.md', 'CANoeCANalyzer/CANoeCANalyzer.md', 'CANoeCANalyzer/CommunicationConcept/CCComparison.md', 'CANoeCANalyzer/Test/TestConcept.md', 'CANoeCANalyzer/CANoeCANalyzerConcept.md']",miss,0,99.0,short_or_under_specified_query,Shared,Shared,CANoeCANalyzer/CANoeCANalyzerProductFamily.md,False,False
22,simple_task_zh,我想查询如何高效地在编辑器中查找并插入特定的CAPL内置函数。,Shared/FunctionExplorer.md,True,查询具体的函数/方法,False,,"['CAPLFunctions/Other/CAPLGeneralStartPage.md', 'CAPLBrowser/CAPLBrowser.md', 'Shared/CAPL/General/Functions.md', 'CAPLFunctions/Obsolete/CAPLfunctionsDeprecatedOverview.md', 'Shared/AutocompleteInputAssistance.md']","['CAPLFunctions/Other/CAPLGeneralStartPage.md', 'CAPLBrowser/CAPLBrowser.md', 'Shared/CAPL/General/Functions.md', 'CAPLFunctions/Obsolete/CAPLfunctionsDeprecatedOverview.md', 'Shared/AutocompleteInputAssistance.md']",miss,0,99.0,same_parent_candidates,Shared,Shared,CAPLFunctions/Other/CAPLGeneralStartPage.md,True,True
22,simple_task_en,I want to query how to efficiently find and insert specific CAPL built-in functions in the editor.,Shared/FunctionExplorer.md,True,查询具体的函数/方法,False,,"['CAPLFunctions/Other/CAPLGeneralStartPage.md', 'CAPLBrowser/CAPLBrowser.md', 'Shared/AutocompleteInputAssistance.md', 'Shared/CAPL/General/Functions.md', 'CAPLFunctions/Obsolete/CAPLfunctionsDeprecatedOverview.md']","['CAPLFunctions/Other/CAPLGeneralStartPage.md', 'CAPLBrowser/CAPLBrowser.md', 'Shared/AutocompleteInputAssistance.md', 'Shared/CAPL/General/Functions.md', 'CAPLFunctions/Obsolete/CAPLfunctionsDeprecatedOverview.md']",miss,0,99.0,same_parent_candidates,Shared,Shared,CAPLFunctions/Other/CAPLGeneralStartPage.md,True,True
26,complex_task_zh,作为新手，我想通过运行一些官方示例来学习软件功能。我想了解从哪里可以找到涵盖不同总线系统（如CAN、J1939、FlexRay）的示例工程，具体的操作步骤是什么（比如从File菜单加载），以及如果示例工程在帮助文档中没有详细说明，我应该去哪里查看对应的说明文档（如TXT文件）。,SampConf/CANoeCANalyzerSampleConfigurations.md,True,查询针对特定复杂任务提供的实现方案说明(Guidelines / Examples),False,,"['COMInterface/Samples/COMSamples.md', 'SampConf/CAN/CANoe/Easy/EasyOverviewCN.md', 'SampConf/Programming/SampConfsProgramming.md', 'CANoeCANalyzer/FunctionBlocks/IG/IGCANExamples.md', 'SampConf/J1939/CANoe/J1939SystemDemo/J1939SystemDemoOverview.md']","['COMInterface/Samples/COMSamples.md', 'SampConf/CAN/CANoe/Easy/EasyOverviewCN.md', 'SampConf/Programming/SampConfsProgramming.md', 'CANoeCANalyzer/FunctionBlocks/IG/IGCANExamples.md', 'SampConf/J1939/CANoe/J1939SystemDemo/J1939SystemDemoOverview.md']",miss,0,99.0,same_top_module_candidates,SampConf,SampConf,COMInterface/Samples/COMSamples.md,False,True
26,complex_task_en,"As a beginner, I want to learn software features by running some official examples. I want to know where to find sample projects covering different bus systems (such as CAN, J1939, FlexRay), what the specific steps are (e.g., loading from the File menu), and where to look for the corresponding documentation (such as TXT files) if the sample project isn't detailed in the help manual.",SampConf/CANoeCANalyzerSampleConfigurations.md,True,查询针对特定复杂任务提供的实现方案说明(Guidelines / Examples),False,,"['SampConf/CAN/CANoe/Easy/EasyOverviewCN.md', 'CAPLFunctions/J1939/J1939NodeLayer/Functions/CAPLfunctionj1939getbus.md', 'SampConf/FlexRay/CANoe/FlexRaySystemDemoCANoe.md', 'COMInterface/Samples/COMSamples.md', 'SampConf/J1939/CANwin/TruckOverview/TruckOverview.md']","['SampConf/CAN/CANoe/Easy/EasyOverviewCN.md', 'CAPLFunctions/J1939/J1939NodeLayer/Functions/CAPLfunctionj1939getbus.md', 'SampConf/FlexRay/CANoe/FlexRaySystemDemoCANoe.md', 'COMInterface/Samples/COMSamples.md', 'SampConf/J1939/CANwin/TruckOverview/TruckOverview.md']",miss,0,99.0,same_top_module_candidates,SampConf,SampConf,SampConf/CAN/CANoe/Easy/EasyOverviewCN.md,False,True
27,simple_task_zh,我想查找关于诊断功能（如UDS或DoIP）的示例工程说明。,SampConf/SampConfsDiagnostics.md,True,查询针对特定复杂任务提供的实现方案说明(Guidelines / Examples),False,,"['SampConf/J1939/CANoe/Diagnostics/UDSonJ1939/UDSonJ1939OverviewCN.md', 'SampConf/CAN/CANoe/Diagnostics/UDSSystemCN.md', 'CANoeCANalyzer/Diagnostics/DiagISOTPconfig/DiagDescr/DiagDescBasic.md', 'CAPLFunctions/Diagnostics/CAPLDiagnosticDoIP.md', 'SampConf/CAN/CANoe/Diagnostics/UDSBasicCN.md']","['SampConf/J1939/CANoe/Diagnostics/UDSonJ1939/UDSonJ1939OverviewCN.md', 'SampConf/CAN/CANoe/Diagnostics/UDSSystemCN.md', 'CANoeCANalyzer/Diagnostics/DiagISOTPconfig/DiagDescr/DiagDescBasic.md', 'CAPLFunctions/Diagnostics/CAPLDiagnosticDoIP.md', 'SampConf/CAN/CANoe/Diagnostics/UDSBasicCN.md']",miss,0,99.0,same_top_module_candidates,SampConf,SampConf,SampConf/J1939/CANoe/Diagnostics/UDSonJ1939/UDSonJ1939OverviewCN.md,False,True
27,complex_task_zh,我需要学习如何在CANoe中配置和测试诊断协议。我想查看一些具体的示例配置，比如基础的UDS诊断仿真、基于以太网的DoIP传输，或者是涉及安全访问（Security Access）和故障存储器（Fault Memory）管理的案例。我需要了解这些示例分别演示了哪些关键特性以及如何运行它们。,SampConf/SampConfsDiagnostics.md,True,查询针对特定复杂任务提供的实现方案说明(Guidelines / Examples),False,,"['CANoeCANalyzer/Diagnostics/Test/DiagDiagnosticTester.md', 'CANoeCANalyzer/Diagnostics/Test/DiagnosticsAndTesting.md', 'SampConf/CAN/CANoe/CANSystemDemo/Functions/FunctionOverviewCANSystemDemoCN.md', 'SampConf/CAN/CANoe/Diagnostics/UDSBasicCN.md', 'SampConf/CAN/CANoe/Diagnostics/UDSSystemCN.md']","['CANoeCANalyzer/Diagnostics/Test/DiagDiagnosticTester.md', 'CANoeCANalyzer/Diagnostics/Test/DiagnosticsAndTesting.md', 'SampConf/CAN/CANoe/CANSystemDemo/Functions/FunctionOverviewCANSystemDemoCN.md', 'SampConf/CAN/CANoe/Diagnostics/UDSBasicCN.md', 'SampConf/CAN/CANoe/Diagnostics/UDSSystemCN.md']",miss,0,99.0,same_top_module_candidates,SampConf,SampConf,CANoeCANalyzer/Diagnostics/Test/DiagDiagnosticTester.md,False,True
27,simple_task_en,I want to find sample project descriptions for diagnostic functions (such as UDS or DoIP).,SampConf/SampConfsDiagnostics.md,True,查询针对特定复杂任务提供的实现方案说明(Guidelines / Examples),False,,"['CANoeCANalyzer/Diagnostics/DiagISOTPconfig/DiagDescr/DiagDescOther.md', 'CANoeCANalyzer/Diagnostics/DiagISOTPconfig/DiagDescr/DiagDescBasic.md', 'CAPLFunctions/Diagnostics/CAPLDiagnosticDoIP.md', 'CANoeCANalyzer/Diagnostics/DiagISOTPconfig/DiagDescr/DiagnosticsMDXHints.md', 'CANoeCANalyzer/Diagnostics/DiagISOTPconfig/DiagDescr/DiagDescConf.md']","['CANoeCANalyzer/Diagnostics/DiagISOTPconfig/DiagDescr/DiagDescOther.md', 'CANoeCANalyzer/Diagnostics/DiagISOTPconfig/DiagDescr/DiagDescBasic.md', 'CAPLFunctions/Diagnostics/CAPLDiagnosticDoIP.md', 'CANoeCANalyzer/Diagnostics/DiagISOTPconfig/DiagDescr/DiagnosticsMDXHints.md', 'CANoeCANalyzer/Diagnostics/DiagISOTPconfig/DiagDescr/DiagDescConf.md']",miss,0,99.0,semantic_drift_or_sparse_signal,SampConf,SampConf,CANoeCANalyzer/Diagnostics/DiagISOTPconfig/DiagDescr/DiagDescOther.md,False,False
27,complex_task_en,"I need to learn how to configure and test diagnostic protocols in CANoe. I want to see specific sample configurations, such as basic UDS diagnostic simulation, Ethernet-based DoIP transmission, or cases involving security access and fault memory management. I need to understand which key features these examples demonstrate and how to run them.",SampConf/SampConfsDiagnostics.md,True,查询针对特定复杂任务提供的实现方案说明(Guidelines / Examples),False,,"['CANoeCANalyzer/Diagnostics/Test/DiagDiagnosticTester.md', 'SampConf/CAN/CANoe/Diagnostics/UDSBasicCN.md', 'CANoeCANalyzer/Diagnostics/DiagnosticsConcept.md', 'SampConf/CAN/CANoe/CANSystemDemo/Functions/FunctionOverviewCANSystemDemoCN.md', 'CANoeCANalyzer/Diagnostics/Test/DiagnosticsAndTesting.md']","['CANoeCANalyzer/Diagnostics/Test/DiagDiagnosticTester.md', 'SampConf/CAN/CANoe/Diagnostics/UDSBasicCN.md', 'CANoeCANalyzer/Diagnostics/DiagnosticsConcept.md', 'SampConf/CAN/CANoe/CANSystemDemo/Functions/FunctionOverviewCANSystemDemoCN.md', 'CANoeCANalyzer/Diagnostics/Test/DiagnosticsAndTesting.md']",miss,0,99.0,same_top_module_candidates,SampConf,SampConf,CANoeCANalyzer/Diagnostics/Test/DiagDiagnosticTester.md,False,True
35,simple_task_zh,我想查询在CAPL中如何定义一个无论是否有更具体的处理器都会被执行的事件处理程序。,CAPLFunctions/Other/CAPLfunctionsBoxedEventProceduresOverview.md,True,查询事件规程/事件处理程序,False,,"['Shared/CAPL/General/EventProceduresOverview.md', 'CAPLFunctions/Other/CAPLfunctionsEventProceduresOverview.md', 'CAPLFunctions/Other/CAPLGeneralStartPage.md', 'QuickStartGuide/11CreatingCAPLProgramm/11CreatingCAPLProgramm.md', 'CANoeCANalyzer/Interfaces/MATLAB/CANoeIOLibrary/MATLABioLibCAPLhandler.md']","['Shared/CAPL/General/EventProceduresOverview.md', 'CAPLFunctions/Other/CAPLfunctionsEventProceduresOverview.md', 'CAPLFunctions/Other/CAPLGeneralStartPage.md', 'QuickStartGuide/11CreatingCAPLProgramm/11CreatingCAPLProgramm.md', 'CANoeCANalyzer/Interfaces/MATLAB/CANoeIOLibrary/MATLABioLibCAPLhandler.md']",miss,0,99.0,same_parent_candidates,CAPLFunctions,CAPLFunctions/Other,Shared/CAPL/General/EventProceduresOverview.md,True,True
38,simple_task_zh,我想查询CANoe中以太网相关功能的分类 and 入口点。,CAPLFunctions/IP/CAPLEthernetStartPage.md,True,查询模块总览与导航,False,,"['CANoeCANalyzer/CANoeCANalyzerProductFamily.md', 'CANoeCANalyzer/CANoeCANalyzer.md', 'CANoeCANalyzer/Ethernet/EthernetConcept.md', 'CANoeCANalyzer/Ethernet/EthernetFeatures.md', 'CANoeCANalyzer/Ethernet/EthernetNetworkMonitor.md']","['CANoeCANalyzer/CANoeCANalyzerProductFamily.md', 'CANoeCANalyzer/CANoeCANalyzer.md', 'CANoeCANalyzer/Ethernet/EthernetConcept.md', 'CANoeCANalyzer/Ethernet/EthernetFeatures.md', 'CANoeCANalyzer/Ethernet/EthernetNetworkMonitor.md']",miss,0,99.0,short_or_under_specified_query,CAPLFunctions,CAPLFunctions/IP,CANoeCANalyzer/CANoeCANalyzerProductFamily.md,False,False
38,simple_task_en,I want to query the categorization and entry points for Ethernet-related functions in CANoe.,CAPLFunctions/IP/CAPLEthernetStartPage.md,True,查询模块总览与导航,False,,"['CANoeCANalyzer/Ethernet/EthernetConcept.md', 'CANoeCANalyzer/CANoeCANalyzerProductFamily.md', 'CANoeCANalyzer/CANoeCANalyzer.md', 'CANoeCANalyzer/Ethernet/EthernetFeatures.md', 'CANoeCANalyzer/Ethernet/EthernetNetworkMonitor.md']","['CANoeCANalyzer/Ethernet/EthernetConcept.md', 'CANoeCANalyzer/CANoeCANalyzerProductFamily.md', 'CANoeCANalyzer/CANoeCANalyzer.md', 'CANoeCANalyzer/Ethernet/EthernetFeatures.md', 'CANoeCANalyzer/Ethernet/EthernetNetworkMonitor.md']",miss,0,99.0,semantic_drift_or_sparse_signal,CAPLFunctions,CAPLFunctions/IP,CANoeCANalyzer/Ethernet/EthernetConcept.md,False,False
44,simple_task_en,I want to get a comprehensive overview of the security-related CAPL functions and features provided in CANoe.,CAPLFunctions/Security/CAPLFunctionsSecurityOverview.md,True,查询模块总览与导航,False,,"['CAPLBrowser/CAPLBrowser.md', 'CANoeCANalyzer/CANopen/popups/capl.md', 'CANoeCANalyzer/CAPL/CAPL.md', 'CANoeCANalyzer/NewFeatures/Domain/NewFeaturesDomainCAPLBrowser.md', 'Shared/FunctionExplorer.md']","['CAPLBrowser/CAPLBrowser.md', 'CANoeCANalyzer/CANopen/popups/capl.md', 'CANoeCANalyzer/CAPL/CAPL.md', 'CANoeCANalyzer/NewFeatures/Domain/NewFeaturesDomainCAPLBrowser.md', 'Shared/FunctionExplorer.md']",miss,0,99.0,semantic_drift_or_sparse_signal,CAPLFunctions,CAPLFunctions/Security,CAPLBrowser/CAPLBrowser.md,False,False
47,simple_task_zh,我想了解CANoe中诊断CAPL函数的所有分类和详细列表。,CAPLFunctions/Diagnostics/CAPLfunctionsDiagnosticsOverview.md,True,查询模块总览与导航,False,,"['Shared/FunctionExplorer.md', 'CAPLBrowser/CAPLBrowser.md', 'CAPLFunctions/Obsolete/CAPLfunctionsDeprecatedOverview.md', 'CAPLFunctions/Diagnostics/CAPLfunctionsDiagnosticsExpandedFunctions.md', 'CANoeCANalyzer/NewFeatures/Domain/NewFeaturesDomainCAPLBrowser.md']","['Shared/FunctionExplorer.md', 'CAPLBrowser/CAPLBrowser.md', 'CAPLFunctions/Obsolete/CAPLfunctionsDeprecatedOverview.md', 'CAPLFunctions/Diagnostics/CAPLfunctionsDiagnosticsExpandedFunctions.md', 'CANoeCANalyzer/NewFeatures/Domain/NewFeaturesDomainCAPLBrowser.md']",miss,0,99.0,same_parent_candidates,CAPLFunctions,CAPLFunctions/Diagnostics,Shared/FunctionExplorer.md,True,True
47,simple_task_en,I want an overview and a detailed list of all diagnostic CAPL functions in CANoe.,CAPLFunctions/Diagnostics/CAPLfunctionsDiagnosticsOverview.md,True,查询模块总览与导航,False,,"['CAPLFunctions/Diagnostics/CAPLfunctionsDiagnosticsExpandedFunctions.md', 'CAPLBrowser/CAPLBrowser.md', 'CAPLFunctions/Diagnostics/CAPLDiagnosticStartPage.md', 'CAPLFunctions/Other/CAPLfunctionsGeneralOverview.md', 'Shared/FunctionExplorer.md']","['CAPLFunctions/Diagnostics/CAPLfunctionsDiagnosticsExpandedFunctions.md', 'CAPLBrowser/CAPLBrowser.md', 'CAPLFunctions/Diagnostics/CAPLDiagnosticStartPage.md', 'CAPLFunctions/Other/CAPLfunctionsGeneralOverview.md', 'Shared/FunctionExplorer.md']",miss,0,99.0,same_parent_candidates,CAPLFunctions,CAPLFunctions/Diagnostics,CAPLFunctions/Diagnostics/CAPLfunctionsDiagnosticsExpandedFunctions.md,True,True
48,simple_task_zh,我想查询CANoe 16版本中新增了哪些CAPL函数。,CAPLFunctions/Other/CAPLfunctionsNewOverview.md,True,查询模块总览与导航,False,,"['CANoeCANalyzer/NewFeatures/Domain/NewFeaturesDomainCAPLBrowser.md', 'CAPLFunctions/Obsolete/CAPLfunctionsDeprecatedOverview.md', 'CANoeCANalyzer/NewFeatures/Domain/NewFeaturesDomainGeneral.md', 'CANoeCANalyzer/NewFeatures/Version/CANoeCANalyzerNewFeatures130.md', 'CAPLFunctions/Obsolete/CAPLfunctionsObsoleteOverview.md']","['CANoeCANalyzer/NewFeatures/Domain/NewFeaturesDomainCAPLBrowser.md', 'CAPLFunctions/Obsolete/CAPLfunctionsDeprecatedOverview.md', 'CANoeCANalyzer/NewFeatures/Domain/NewFeaturesDomainGeneral.md', 'CANoeCANalyzer/NewFeatures/Version/CANoeCANalyzerNewFeatures130.md', 'CAPLFunctions/Obsolete/CAPLfunctionsObsoleteOverview.md']",miss,0,99.0,same_top_module_candidates,CAPLFunctions,CAPLFunctions/Other,CANoeCANalyzer/NewFeatures/Domain/NewFeaturesDomainCAPLBrowser.md,False,True
48,complex_task_zh,作为开发者，我需要了解CANoe 16及后续服务包（SP）中引入的新功能。我想查询涵盖CAN统计、以太网统计（如ethGetLinkSpeed）、FlexRay统计、J1939新指令以及关联字段类（Associative Fields）新方法等各个总线类别和特性领域的函数更新列表。,CAPLFunctions/Other/CAPLfunctionsNewOverview.md,True,查询模块总览与导航,False,,"['CANoeCANalyzer/NewFeatures/NewFeatures.md', 'CANoeCANalyzer/NewFeatures/Domain/NewFeaturesDomainCAPLBrowser.md', 'CANoeCANalyzer/NewFeatures/Domain/NewFeaturesDomainGeneral.md', 'CANoeCANalyzer/NewFeatures/Domain/NewFeaturesOptionCAN.md', 'CANoeCANalyzer/NewFeatures/Version/CANoeCANalyzerNewFeatures130.md']","['CANoeCANalyzer/NewFeatures/NewFeatures.md', 'CANoeCANalyzer/NewFeatures/Domain/NewFeaturesDomainCAPLBrowser.md', 'CANoeCANalyzer/NewFeatures/Domain/NewFeaturesDomainGeneral.md', 'CANoeCANalyzer/NewFeatures/Domain/NewFeaturesOptionCAN.md', 'CANoeCANalyzer/NewFeatures/Version/CANoeCANalyzerNewFeatures130.md']",miss,0,99.0,semantic_drift_or_sparse_signal,CAPLFunctions,CAPLFunctions/Other,CANoeCANalyzer/NewFeatures/NewFeatures.md,False,False
48,simple_task_en,I want to query the new CAPL functions added in CANoe version 16.,CAPLFunctions/Other/CAPLfunctionsNewOverview.md,True,查询模块总览与导航,False,,"['CANoeCANalyzer/NewFeatures/Domain/NewFeaturesDomainCAPLBrowser.md', 'CANoeCANalyzer/NewFeatures/Domain/NewFeaturesDomainGeneral.md', 'CAPLFunctions/Obsolete/CAPLfunctionsDeprecatedOverview.md', 'CANoeCANalyzer/NewFeatures/Version/CANoeCANalyzerNewFeatures160.md', 'CANoeCANalyzer/NewFeatures/Version/CANoeCANalyzerNewFeatures130.md']","['CANoeCANalyzer/NewFeatures/Domain/NewFeaturesDomainCAPLBrowser.md', 'CANoeCANalyzer/NewFeatures/Domain/NewFeaturesDomainGeneral.md', 'CAPLFunctions/Obsolete/CAPLfunctionsDeprecatedOverview.md', 'CANoeCANalyzer/NewFeatures/Version/CANoeCANalyzerNewFeatures160.md', 'CANoeCANalyzer/NewFeatures/Version/CANoeCANalyzerNewFeatures130.md']",miss,0,99.0,same_top_module_candidates,CAPLFunctions,CAPLFunctions/Other,CANoeCANalyzer/NewFeatures/Domain/NewFeaturesDomainCAPLBrowser.md,False,True
48,complex_task_en,"As a developer, I need to understand the new features introduced in CANoe 16 and subsequent service packs (SP). I want to query the list of function updates across various bus categories and feature areas, such as CAN statistics, Ethernet statistics (e.g., ethGetLinkSpeed), FlexRay statistics, new J1939 instructions, and new methods for the Associative Fields class.",CAPLFunctions/Other/CAPLfunctionsNewOverview.md,True,查询模块总览与导航,False,,"['CANoeCANalyzer/NewFeatures/NewFeatures.md', 'CANoeCANalyzer/NewFeatures/Domain/NewFeaturesDomainCAPLBrowser.md', 'CAPLFunctions/CAN/CAPLfunctionsCANOverview.md', 'CAPLFunctions/Obsolete/CAPLfunctionsDeprecatedOverview.md', 'CANoeCANalyzer/NewFeatures/Version/CANoeCANalyzerNewFeatures130.md']","['CANoeCANalyzer/NewFeatures/NewFeatures.md', 'CANoeCANalyzer/NewFeatures/Domain/NewFeaturesDomainCAPLBrowser.md', 'CAPLFunctions/CAN/CAPLfunctionsCANOverview.md', 'CAPLFunctions/Obsolete/CAPLfunctionsDeprecatedOverview.md', 'CANoeCANalyzer/NewFeatures/Version/CANoeCANalyzerNewFeatures130.md']",miss,0,99.0,same_top_module_candidates,CAPLFunctions,CAPLFunctions/Other,CANoeCANalyzer/NewFeatures/NewFeatures.md,False,True
52,simple_task_zh,我想参考一个如何自动化验证ECU变体识别结果的CAPL示例。,CAPLFunctions/Diagnostics/CAPLfunctionsExampleAutomaticVariantIdentification.md,True,查询具体的函数/方法,False,,"['CAPLFunctions/Diagnostics/Functions/CAPLfunctionDiagStartVariantIdentification.md', 'CAPLFunctions/Diagnostics/Functions/CAPLfunctionDiagGetIdentifiedVariant.md', 'CAPLFunctions/Obsolete/Functions/CAPLfunctionDiagMarkECU.md', 'CANoeCANalyzer/Diagnostics/VariantCodingWindow/VariantCodingWindow.md', 'CANoeCANalyzer/Diagnostics/Test/DiagnosticsAutomaticVariantIdentification.md']","['CAPLFunctions/Diagnostics/Functions/CAPLfunctionDiagStartVariantIdentification.md', 'CAPLFunctions/Diagnostics/Functions/CAPLfunctionDiagGetIdentifiedVariant.md', 'CAPLFunctions/Obsolete/Functions/CAPLfunctionDiagMarkECU.md', 'CANoeCANalyzer/Diagnostics/VariantCodingWindow/VariantCodingWindow.md', 'CANoeCANalyzer/Diagnostics/Test/DiagnosticsAutomaticVariantIdentification.md']",miss,0,99.0,same_top_module_candidates,CAPLFunctions,CAPLFunctions/Diagnostics,CAPLFunctions/Diagnostics/Functions/CAPLfunctionDiagStartVariantIdentification.md,False,True
59,simple_task_zh,我想了解CANoe中支持的ARINC 429总线相关CAPL函数。,CAPLFunctions/A429/CAPLfunctionsA429Overview.md,True,查询模块总览与导航,False,,"['CANoeCANalyzer/A429/A429.md', 'CANoeCANalyzer/A429/A429Concept.md', 'CANoeCANalyzer/A429/A429Features.md', 'CANoeCANalyzer/ARINC825/ARINC825CAPLSupport.md', 'CAPLFunctions/A429/EventProcedures/CAPLfunctionA429OnA429Word.md']","['CANoeCANalyzer/A429/A429.md', 'CANoeCANalyzer/A429/A429Concept.md', 'CANoeCANalyzer/A429/A429Features.md', 'CANoeCANalyzer/ARINC825/ARINC825CAPLSupport.md', 'CAPLFunctions/A429/EventProcedures/CAPLfunctionA429OnA429Word.md']",miss,0,99.0,same_top_module_candidates,CAPLFunctions,CAPLFunctions/A429,CANoeCANalyzer/A429/A429.md,False,True
59,simple_task_en,I want to know about the CAPL functions for ARINC 429 bus supported in CANoe.,CAPLFunctions/A429/CAPLfunctionsA429Overview.md,True,查询模块总览与导航,False,,"['CANoeCANalyzer/A429/A429.md', 'CANoeCANalyzer/A429/A429Concept.md', 'CANoeCANalyzer/A429/A429Features.md', 'CAPLFunctions/A429/EventProcedures/CAPLfunctionA429OnA429Word.md', 'CANoeCANalyzer/ARINC825/ARINC825CAPLSupport.md']","['CANoeCANalyzer/A429/A429.md', 'CANoeCANalyzer/A429/A429Concept.md', 'CANoeCANalyzer/A429/A429Features.md', 'CAPLFunctions/A429/EventProcedures/CAPLfunctionA429OnA429Word.md', 'CANoeCANalyzer/ARINC825/ARINC825CAPLSupport.md']",miss,0,99.0,same_top_module_candidates,CAPLFunctions,CAPLFunctions/A429,CANoeCANalyzer/A429/A429.md,False,True
74,simple_task_zh,我想了解如何在CAPL中使用AFDX协议相关的函数来实现节点仿真或数据分析。,CAPLFunctions/ADFX/CAPLfunctionsAFDXOverview.md,True,查询模块总览 with 导航,False,,"['CANoeCANalyzer/AFDX/afdxIL/afdxILOverview.md', 'CANoeCANalyzer/AFDX/afdxIL/afdxILInclude.md', 'CAPLFunctions/CAPLfunctions.md', 'SampConf/AFDX/AFDXBasicConfiguration.md', 'SampConf/AFDX/SampConfsAFDX.md']","['CANoeCANalyzer/AFDX/afdxIL/afdxILOverview.md', 'CANoeCANalyzer/AFDX/afdxIL/afdxILInclude.md', 'CAPLFunctions/CAPLfunctions.md', 'SampConf/AFDX/AFDXBasicConfiguration.md', 'SampConf/AFDX/SampConfsAFDX.md']",miss,0,99.0,same_top_module_candidates,CAPLFunctions,CAPLFunctions/ADFX,CANoeCANalyzer/AFDX/afdxIL/afdxILOverview.md,False,True
74,complex_task_zh,我正在开发一个AFDX网络仿真环境，需要了解其API的全貌。我想查阅关于消息初始化（A664InitMessage）、虚链路配置（A664VLConfig）、触发帧/消息发送（A664TriggerFrame/Message）以及如何使用Callback函数（如<OnAfdxPacket>）接收报文的详细说明。,CAPLFunctions/ADFX/CAPLfunctionsAFDXOverview.md,True,查询模块总览 with 导航,False,,"['CAPLFunctions/ADFX/Functions/CAPLfunctionAfdxInitPacket.md', 'CANoeCANalyzer/AFDX/afdxIL/afdxILOverview.md', 'CANoeCANalyzer/AFDX/capl/afdxDefineAFDXmessage.md', 'CANoeCANalyzer/AFDX/capl/afdxDefineAFDXframe.md', 'CANoeCANalyzer/Windows/Write/WriteWindowNotifications/56AFDX.md']","['CAPLFunctions/ADFX/Functions/CAPLfunctionAfdxInitPacket.md', 'CANoeCANalyzer/AFDX/afdxIL/afdxILOverview.md', 'CANoeCANalyzer/AFDX/capl/afdxDefineAFDXmessage.md', 'CANoeCANalyzer/AFDX/capl/afdxDefineAFDXframe.md', 'CANoeCANalyzer/Windows/Write/WriteWindowNotifications/56AFDX.md']",miss,0,99.0,same_top_module_candidates,CAPLFunctions,CAPLFunctions/ADFX,CAPLFunctions/ADFX/Functions/CAPLfunctionAfdxInitPacket.md,False,True
74,simple_task_en,I want to know how to use AFDX protocol-related functions in CAPL to implement node simulation or data analysis.,CAPLFunctions/ADFX/CAPLfunctionsAFDXOverview.md,True,查询模块总览 with 导航,False,,"['CANoeCANalyzer/AFDX/afdxIL/afdxILOverview.md', 'CANoeCANalyzer/AFDX/afdxIL/afdxILInclude.md', 'SampConf/AFDX/AFDXBasicConfiguration.md', 'CANoeCANalyzer/AFDX/AFDXfeatures.md', 'SampConf/AFDX/SampConfsAFDX.md']","['CANoeCANalyzer/AFDX/afdxIL/afdxILOverview.md', 'CANoeCANalyzer/AFDX/afdxIL/afdxILInclude.md', 'SampConf/AFDX/AFDXBasicConfiguration.md', 'CANoeCANalyzer/AFDX/AFDXfeatures.md', 'SampConf/AFDX/SampConfsAFDX.md']",miss,0,99.0,semantic_drift_or_sparse_signal,CAPLFunctions,CAPLFunctions/ADFX,CANoeCANalyzer/AFDX/afdxIL/afdxILOverview.md,False,False
74,complex_task_en,"I'm developing an AFDX network simulation environment and need a full picture of its API. I want to consult detailed descriptions on message initialization (A664InitMessage), VL configuration (A664VLConfig), triggering frame/message transmission (A664TriggerFrame/Message), and how to receive packets using callback functions (e.g., <OnAfdxPacket>).",CAPLFunctions/ADFX/CAPLfunctionsAFDXOverview.md,True,查询模块总览 with 导航,False,,"['CANoeCANalyzer/AFDX/afdxIL/afdxILOverview.md', 'CAPLFunctions/ADFX/Functions/CAPLfunctionAfdxInitPacket.md', 'CANoeCANalyzer/AFDX/capl/afdxDefineAFDXmessage.md', 'CANoeCANalyzer/AFDX/capl/afdxDefineAFDXframe.md', 'CAPLFunctions/ADFX/Functions/CAPLfunctionAfdxOutputPacket.md']","['CANoeCANalyzer/AFDX/afdxIL/afdxILOverview.md', 'CAPLFunctions/ADFX/Functions/CAPLfunctionAfdxInitPacket.md', 'CANoeCANalyzer/AFDX/capl/afdxDefineAFDXmessage.md', 'CANoeCANalyzer/AFDX/capl/afdxDefineAFDXframe.md', 'CAPLFunctions/ADFX/Functions/CAPLfunctionAfdxOutputPacket.md']",miss,0,99.0,same_top_module_candidates,CAPLFunctions,CAPLFunctions/ADFX,CANoeCANalyzer/AFDX/afdxIL/afdxILOverview.md,False,True
81,simple_task_zh,我想查询CANoe中支持的MOST总线CAPL函数总览。,CAPLFunctions/MOST/CAPLfunctionsMOSTOverview.md,True,查询模块总览与导航,False,,"['Shared/FunctionExplorer.md', 'CANoeCANalyzer/MOST/MOST_Database_Support/option_most_databases.md', 'SampConf/MOST/MOSTSpy.md', 'SampConf/MOST/CANoe/MOSTSystemDemo/MOSTSystemDemoTestCN.md', 'CANoeCANalyzer/MOST/MOST50/MOST50.md']","['Shared/FunctionExplorer.md', 'CANoeCANalyzer/MOST/MOST_Database_Support/option_most_databases.md', 'SampConf/MOST/MOSTSpy.md', 'SampConf/MOST/CANoe/MOSTSystemDemo/MOSTSystemDemoTestCN.md', 'CANoeCANalyzer/MOST/MOST50/MOST50.md']",miss,0,99.0,lexically_related_other_branch,CAPLFunctions,CAPLFunctions/MOST,Shared/FunctionExplorer.md,False,False
81,simple_task_en,I want to query an overview of MOST bus CAPL functions supported in CANoe.,CAPLFunctions/MOST/CAPLfunctionsMOSTOverview.md,True,查询模块总览与导航,False,,"['Shared/FunctionExplorer.md', 'SampConf/MOST/MOSTSpy.md', 'CANoeCANalyzer/CANoeCANalyzerProductFamily.md', 'SampConf/MOST/CANoe/MOSTSystemDemo/MOSTSystemDemoTestCN.md', 'CANoeCANalyzer/MOST/MOST_Database_Support/option_most_databases.md']","['Shared/FunctionExplorer.md', 'SampConf/MOST/MOSTSpy.md', 'CANoeCANalyzer/CANoeCANalyzerProductFamily.md', 'SampConf/MOST/CANoe/MOSTSystemDemo/MOSTSystemDemoTestCN.md', 'CANoeCANalyzer/MOST/MOST_Database_Support/option_most_databases.md']",miss,0,99.0,lexically_related_other_branch,CAPLFunctions,CAPLFunctions/MOST,Shared/FunctionExplorer.md,False,False
81,complex_task_en,"I need to use MOST measurement and control API for simulation and want to know its functional classification. I want to consult a detailed overview and classification description of Application Socket, controller event evaluation, message transmission (AMS/CMS), hardware control API, and Test Feature Set (TFS).",CAPLFunctions/MOST/CAPLfunctionsMOSTOverview.md,True,查询模块总览与导航,False,,"['CANoeCANalyzer/MOST/MOST_Simulation_Concept/most_simulation-concept.md', 'SampConf/MOST/CANoe/MOSTSystemDemo/MOSTSystemDemoSimulationCN.md', 'CANoeCANalyzer/MOST/MOSTHowTos/MOSTHowTos.md', 'CANoeCANalyzer/Windows/Trace/TraceWindowMOSTStatusInformation.md', 'SampConf/MOST/SampConfsMOST.md']","['CANoeCANalyzer/MOST/MOST_Simulation_Concept/most_simulation-concept.md', 'SampConf/MOST/CANoe/MOSTSystemDemo/MOSTSystemDemoSimulationCN.md', 'CANoeCANalyzer/MOST/MOSTHowTos/MOSTHowTos.md', 'CANoeCANalyzer/Windows/Trace/TraceWindowMOSTStatusInformation.md', 'SampConf/MOST/SampConfsMOST.md']",miss,0,99.0,lexically_related_other_branch,CAPLFunctions,CAPLFunctions/MOST,CANoeCANalyzer/MOST/MOST_Simulation_Concept/most_simulation-concept.md,False,False
82,simple_task_zh,我想查询在CAPL中处理MOST总线相关的事件和函数总览。,CAPLFunctions/MOST/CAPLfunctionsMOSTOverview.md,True,查询模块总览与导航,False,,"['Shared/FunctionExplorer.md', 'CAPLFunctions/MOST/EventProcedures/CAPLfunctionOnMOSTMessage.md', 'CAPLFunctions/MOST/EventProcedures/CAPLfunctionOnMOSTNetOn.md', 'CAPLFunctions/MOST/EventProcedures/CAPLfunctionOnMOSTAllBypass.md', 'CAPLFunctions/MOST/EventProcedures/CAPLfunctionOnMOSTAllocTable.md']","['Shared/FunctionExplorer.md', 'CAPLFunctions/MOST/EventProcedures/CAPLfunctionOnMOSTMessage.md', 'CAPLFunctions/MOST/EventProcedures/CAPLfunctionOnMOSTNetOn.md', 'CAPLFunctions/MOST/EventProcedures/CAPLfunctionOnMOSTAllBypass.md', 'CAPLFunctions/MOST/EventProcedures/CAPLfunctionOnMOSTAllocTable.md']",miss,0,99.0,same_top_module_candidates,CAPLFunctions,CAPLFunctions/MOST,Shared/FunctionExplorer.md,False,True
82,complex_task_zh,我正在开发MOST网络仿真节点。我想了解MOST API的整体结构，包括如何使用Application Socket API注册功能块、如何查阅控制通道（Control Channel）和异步通道（Asynchronous Channel）的消息发送函数、以及有哪些可用的事件处理程序（如on mostMessage/OnMostPkt）和故障注入（Fault Injection）函数。,CAPLFunctions/MOST/CAPLfunctionsMOSTOverview.md,True,查询模块总览与导航,False,,"['CANoeCANalyzer/MOST/MOST_Simulation_Concept/most_simulation-concept.md', 'CAPLFunctions/MOST/Functions/CAPLfunctionMOSTApplicationNode.md', 'CAPLFunctions/MOST/Functions/CAPLfunctionMOSTGetChannel.md', 'CANoeCANalyzer/FunctionBlocks/MOSTNetworkMaster.md', 'CANoeCANalyzer/MOST/MOSTHowTos/MOSTHowTos.md']","['CANoeCANalyzer/MOST/MOST_Simulation_Concept/most_simulation-concept.md', 'CAPLFunctions/MOST/Functions/CAPLfunctionMOSTApplicationNode.md', 'CAPLFunctions/MOST/Functions/CAPLfunctionMOSTGetChannel.md', 'CANoeCANalyzer/FunctionBlocks/MOSTNetworkMaster.md', 'CANoeCANalyzer/MOST/MOSTHowTos/MOSTHowTos.md']",miss,0,99.0,same_top_module_candidates,CAPLFunctions,CAPLFunctions/MOST,CANoeCANalyzer/MOST/MOST_Simulation_Concept/most_simulation-concept.md,False,True
82,simple_task_en,I want to query an overview of MOST bus-related events and functions in CAPL.,CAPLFunctions/MOST/CAPLfunctionsMOSTOverview.md,True,查询模块总览与导航,False,,"['Shared/FunctionExplorer.md', 'CAPLFunctions/Other/CAPLGeneralStartPage.md', 'CAPLFunctions/MOST/EventProcedures/CAPLfunctionOnMOSTAllBypass.md', 'CAPLFunctions/MOST/CAPLfunctionsMOSTInputAssistant.md', 'SampConf/MOST/MOSTSpy.md']","['Shared/FunctionExplorer.md', 'CAPLFunctions/Other/CAPLGeneralStartPage.md', 'CAPLFunctions/MOST/EventProcedures/CAPLfunctionOnMOSTAllBypass.md', 'CAPLFunctions/MOST/CAPLfunctionsMOSTInputAssistant.md', 'SampConf/MOST/MOSTSpy.md']",miss,0,99.0,same_parent_candidates,CAPLFunctions,CAPLFunctions/MOST,Shared/FunctionExplorer.md,True,True
89,simple_task_zh,我想查询CANoe中支持的XCP和CCP协议相关的CAPL函数总览。,CAPLFunctions/XCP/CAPLfunctionsXCPOverview.md,True,查询模块总览与导航,False,,"['CANoeCANalyzer/AMDXCP/XCPCCPOverview.md', 'CANoeCANalyzer/AMDXCP/AMDXCP.md', 'Shared/FunctionExplorer.md', 'CAPLFunctions/Obsolete/CAPLfunctionsDeprecatedOverview.md', 'CANoeCANalyzer/NewFeatures/Domain/NewFeaturesDomainCAPLBrowser.md']","['CANoeCANalyzer/AMDXCP/XCPCCPOverview.md', 'CANoeCANalyzer/AMDXCP/AMDXCP.md', 'Shared/FunctionExplorer.md', 'CAPLFunctions/Obsolete/CAPLfunctionsDeprecatedOverview.md', 'CANoeCANalyzer/NewFeatures/Domain/NewFeaturesDomainCAPLBrowser.md']",miss,0,99.0,same_top_module_candidates,CAPLFunctions,CAPLFunctions/XCP,CANoeCANalyzer/AMDXCP/XCPCCPOverview.md,False,True
89,simple_task_en,I want to query an overview of XCP and CCP protocol-related CAPL functions supported in CANoe.,CAPLFunctions/XCP/CAPLfunctionsXCPOverview.md,True,查询模块总览与导航,False,,"['CANoeCANalyzer/AMDXCP/XCPCCPOverview.md', 'CANoeCANalyzer/AMDXCP/AMDXCP.md', 'CANoeCANalyzer/Car2x/Car2xFeatures.md', 'CANoeCANalyzer/Interfaces/MATLAB/CANoeIOLibrary/MATLABioLibXCPCalibration.md', 'CANoeCANalyzer/NewFeatures/Domain/NewFeaturesDomainCAPLBrowser.md']","['CANoeCANalyzer/AMDXCP/XCPCCPOverview.md', 'CANoeCANalyzer/AMDXCP/AMDXCP.md', 'CANoeCANalyzer/Car2x/Car2xFeatures.md', 'CANoeCANalyzer/Interfaces/MATLAB/CANoeIOLibrary/MATLABioLibXCPCalibration.md', 'CANoeCANalyzer/NewFeatures/Domain/NewFeaturesDomainCAPLBrowser.md']",miss,0,99.0,semantic_drift_or_sparse_signal,CAPLFunctions,CAPLFunctions/XCP,CANoeCANalyzer/AMDXCP/XCPCCPOverview.md,False,False
92,simple_task_zh,我想查阅CANoe中以太网和IP协议相关的CAPL函数总览。,CAPLFunctions/IP/CAPLfunctionsIPOverview.md,True,查询模块总览与导航,False,,"['CANoeCANalyzer/Ethernet/EthernetFeatures.md', 'CANoeCANalyzer/General/Programming.md', 'CAPLFunctions/CAPLfunctions.md', 'CANoeCANalyzer/CANoeCANalyzerProductFamily.md', 'SampConf/Ethernet/CANoe/BasicProprietaryProtocol/BasicProprietaryProtocolCN.md']","['CANoeCANalyzer/Ethernet/EthernetFeatures.md', 'CANoeCANalyzer/General/Programming.md', 'CAPLFunctions/CAPLfunctions.md', 'CANoeCANalyzer/CANoeCANalyzerProductFamily.md', 'SampConf/Ethernet/CANoe/BasicProprietaryProtocol/BasicProprietaryProtocolCN.md']",miss,0,99.0,same_top_module_candidates,CAPLFunctions,CAPLFunctions/IP,CANoeCANalyzer/Ethernet/EthernetFeatures.md,False,True
92,simple_task_en,I want to consult an overview of Ethernet and IP protocol-related CAPL functions in CANoe.,CAPLFunctions/IP/CAPLfunctionsIPOverview.md,True,查询模块总览与导航,False,,"['CANoeCANalyzer/Ethernet/EthernetFeatures.md', 'SampConf/Ethernet/SampConfsEthernet.md', 'CANoeCANalyzer/Ethernet/EthernetConcept.md', 'CANoeCANalyzer/CANoeCANalyzerProductFamily.md', 'CANoeCANalyzer/General/Programming.md']","['CANoeCANalyzer/Ethernet/EthernetFeatures.md', 'SampConf/Ethernet/SampConfsEthernet.md', 'CANoeCANalyzer/Ethernet/EthernetConcept.md', 'CANoeCANalyzer/CANoeCANalyzerProductFamily.md', 'CANoeCANalyzer/General/Programming.md']",miss,0,99.0,semantic_drift_or_sparse_signal,CAPLFunctions,CAPLFunctions/IP,CANoeCANalyzer/Ethernet/EthernetFeatures.md,False,False
93,simple_task_zh,我想查阅CANoe中以太网和IP协议相关的CAPL函数总览。,CAPLFunctions/IP/CAPLfunctionsIPOverview.md,True,查询模块总览与导航,False,,"['CANoeCANalyzer/Ethernet/EthernetFeatures.md', 'CANoeCANalyzer/General/Programming.md', 'CAPLFunctions/CAPLfunctions.md', 'CANoeCANalyzer/CANoeCANalyzerProductFamily.md', 'SampConf/Ethernet/CANoe/BasicProprietaryProtocol/BasicProprietaryProtocolCN.md']","['CANoeCANalyzer/Ethernet/EthernetFeatures.md', 'CANoeCANalyzer/General/Programming.md', 'CAPLFunctions/CAPLfunctions.md', 'CANoeCANalyzer/CANoeCANalyzerProductFamily.md', 'SampConf/Ethernet/CANoe/BasicProprietaryProtocol/BasicProprietaryProtocolCN.md']",miss,0,99.0,same_top_module_candidates,CAPLFunctions,CAPLFunctions/IP,CANoeCANalyzer/Ethernet/EthernetFeatures.md,False,True
93,simple_task_en,I want to consult an overview of Ethernet and IP protocol-related CAPL functions in CANoe.,CAPLFunctions/IP/CAPLfunctionsIPOverview.md,True,查询模块总览与导航,False,,"['CANoeCANalyzer/Ethernet/EthernetFeatures.md', 'SampConf/Ethernet/SampConfsEthernet.md', 'CANoeCANalyzer/Ethernet/EthernetConcept.md', 'CANoeCANalyzer/CANoeCANalyzerProductFamily.md', 'CANoeCANalyzer/General/Programming.md']","['CANoeCANalyzer/Ethernet/EthernetFeatures.md', 'SampConf/Ethernet/SampConfsEthernet.md', 'CANoeCANalyzer/Ethernet/EthernetConcept.md', 'CANoeCANalyzer/CANoeCANalyzerProductFamily.md', 'CANoeCANalyzer/General/Programming.md']",miss,0,99.0,semantic_drift_or_sparse_signal,CAPLFunctions,CAPLFunctions/IP,CANoeCANalyzer/Ethernet/EthernetFeatures.md,False,False
98,simple_task_zh,我想查询CANoe中VT系统（VT System）模块相关的CAPL函数总览。,CAPLFunctions/VTSystem/CAPLfunctionsVTSystemOverview.md,True,查询模块总览与导航,False,,"['SampConf/IOhil/CANoe/VTSystem/VTSystemOnline/VTSystemOverview.md', 'COMInterface/Objects/COMObjectVTSystem.md', 'CANoeCANalyzer/VTSystem/VTSystem.md', 'CANoeCANalyzer/VTSystem/VTSystemSetup.md', 'CANoeCANalyzer/VTSystem/VTSystemTroubleshooting.md']","['SampConf/IOhil/CANoe/VTSystem/VTSystemOnline/VTSystemOverview.md', 'COMInterface/Objects/COMObjectVTSystem.md', 'CANoeCANalyzer/VTSystem/VTSystem.md', 'CANoeCANalyzer/VTSystem/VTSystemSetup.md', 'CANoeCANalyzer/VTSystem/VTSystemTroubleshooting.md']",miss,0,99.0,lexically_related_other_branch,CAPLFunctions,CAPLFunctions/VTSystem,SampConf/IOhil/CANoe/VTSystem/VTSystemOnline/VTSystemOverview.md,False,False
98,complex_task_zh,我正在使用VT1004（负载模块）、VT2004（刺激模块）和VT7001（电源模块）搭建自动化测试台架。我想了解VT System API的分类总览，包括通用的传送周期设置（vtsSetTransferCycle）、各模块专属的控制函数（如设置测量模式、刺激波形下载、串口配置）以及如何通过系统变量调用这些方法。,CAPLFunctions/VTSystem/CAPLfunctionsVTSystemOverview.md,True,查询模块总览与导航,False,,"['SampConf/IOhil/CANoe/VTSystem/VTSystemOnline/VTSystemOverview.md', 'SampConf/IOhil/CANoe/VTSystem/VTSystemOnline/VTSystemTestSetups.md', 'CANoeCANalyzer/VTSystem/VTSystemModules.md', 'CANoeCANalyzer/VTSystem/VTSystemSysVarInterfaces.md', 'SampConf/IOhil/CANoe/VTSystem/VTSystemOnline/VTSystemHardware.md']","['SampConf/IOhil/CANoe/VTSystem/VTSystemOnline/VTSystemOverview.md', 'SampConf/IOhil/CANoe/VTSystem/VTSystemOnline/VTSystemTestSetups.md', 'CANoeCANalyzer/VTSystem/VTSystemModules.md', 'CANoeCANalyzer/VTSystem/VTSystemSysVarInterfaces.md', 'SampConf/IOhil/CANoe/VTSystem/VTSystemOnline/VTSystemHardware.md']",miss,0,99.0,lexically_related_other_branch,CAPLFunctions,CAPLFunctions/VTSystem,SampConf/IOhil/CANoe/VTSystem/VTSystemOnline/VTSystemOverview.md,False,False
98,simple_task_en,I want to query an overview of VT System module-related CAPL functions in CANoe.,CAPLFunctions/VTSystem/CAPLfunctionsVTSystemOverview.md,True,查询模块总览与导航,False,,"['SampConf/IOhil/CANoe/VTSystem/VTSystemOnline/VTSystemOverview.md', 'COMInterface/Objects/COMObjectVTSystem.md', 'CANoeCANalyzer/VTSystem/VTSystemTroubleshooting.md', 'CANoeCANalyzer/NewFeatures/Domain/NewFeaturesDomainTesting.md', 'CANoeCANalyzer/ISO11783/VirtualTerminalWindow/VTRequests.md']","['SampConf/IOhil/CANoe/VTSystem/VTSystemOnline/VTSystemOverview.md', 'COMInterface/Objects/COMObjectVTSystem.md', 'CANoeCANalyzer/VTSystem/VTSystemTroubleshooting.md', 'CANoeCANalyzer/NewFeatures/Domain/NewFeaturesDomainTesting.md', 'CANoeCANalyzer/ISO11783/VirtualTerminalWindow/VTRequests.md']",miss,0,99.0,lexically_related_other_branch,CAPLFunctions,CAPLFunctions/VTSystem,SampConf/IOhil/CANoe/VTSystem/VTSystemOnline/VTSystemOverview.md,False,False
104,simple_task_zh,我想查询CANoe中关于网络安全（Security）支持的概览和配置。,CANoeCANalyzer/Security/SecuritySupport.md,True,查询模块总览与导航,False,,"['CANoeCANalyzer/Security/Security.md', 'CANoeCANalyzer/Ribbon/StimulationSimulation/SecurityConfiguration.md', 'CANoeCANalyzer/Security/SecuritySources/SecuritySources.md', 'CANoeCANalyzer/CANoeCANalyzerProductFamily.md', 'CANoeCANalyzer/CANoeCANalyzer.md']","['CANoeCANalyzer/Security/Security.md', 'CANoeCANalyzer/Ribbon/StimulationSimulation/SecurityConfiguration.md', 'CANoeCANalyzer/Security/SecuritySources/SecuritySources.md', 'CANoeCANalyzer/CANoeCANalyzerProductFamily.md', 'CANoeCANalyzer/CANoeCANalyzer.md']",miss,0,99.0,same_parent_candidates,CANoeCANalyzer,CANoeCANalyzer/Security,CANoeCANalyzer/Security/Security.md,True,True
104,simple_task_en,I want to query the overview and configuration of Security support in CANoe.,CANoeCANalyzer/Security/SecuritySupport.md,True,查询模块总览与导航,False,,"['CANoeCANalyzer/Security/Security.md', 'CANoeCANalyzer/Ribbon/StimulationSimulation/SecurityConfiguration.md', 'CANoeCANalyzer/CANoeCANalyzerProductFamily.md', 'CANoeCANalyzer/Security/SecuritySources/SecuritySources.md', 'CANoeCANalyzer/Ribbon/File/Options/General/GeneralMessages.md']","['CANoeCANalyzer/Security/Security.md', 'CANoeCANalyzer/Ribbon/StimulationSimulation/SecurityConfiguration.md', 'CANoeCANalyzer/CANoeCANalyzerProductFamily.md', 'CANoeCANalyzer/Security/SecuritySources/SecuritySources.md', 'CANoeCANalyzer/Ribbon/File/Options/General/GeneralMessages.md']",miss,0,99.0,same_parent_candidates,CANoeCANalyzer,CANoeCANalyzer/Security,CANoeCANalyzer/Security/Security.md,True,True
105,complex_task_zh,我需要将Simulink导出的模型集成到CANoe中。我想了解CANoe对FMU（Functional Mock-up Unit）的支持版本，如何将模型变量映射到系统变量，以及联合仿真（Co-Simulation）与模型交换（Model Exchange）两种模式在CANoe中的实现差异。,CANoeCANalyzer/Interfaces/FMI.md,True,查询具体的工具/功能,False,,"['CANoeCANalyzer/Interfaces/MATLAB/MATLAB.md', 'CANoeCANalyzer/Interfaces/MATLAB/Setup/MATLABSetupCustIntCANoe.md', 'CANoeCANalyzer/Interfaces/FMIConfig.md', 'CANoeCANalyzer/Interfaces/MATLAB/MATLABExecutionModes.md', 'CANoeCANalyzer/CANoeCANalyzerProductFamily.md']","['CANoeCANalyzer/Interfaces/MATLAB/MATLAB.md', 'CANoeCANalyzer/Interfaces/MATLAB/Setup/MATLABSetupCustIntCANoe.md', 'CANoeCANalyzer/Interfaces/FMIConfig.md', 'CANoeCANalyzer/Interfaces/MATLAB/MATLABExecutionModes.md', 'CANoeCANalyzer/CANoeCANalyzerProductFamily.md']",miss,0,99.0,same_parent_candidates,CANoeCANalyzer,CANoeCANalyzer/Interfaces,CANoeCANalyzer/Interfaces/MATLAB/MATLAB.md,True,True
105,complex_task_en,"I need to integrate a model exported from Simulink into CANoe. I want to know which version of FMU (Functional Mock-up Unit) CANoe supports, how model variables are mapped to system variables, and the implementation differences between Co-Simulation and Model Exchange modes in CANoe.",CANoeCANalyzer/Interfaces/FMI.md,True,查询具体的工具/功能,False,,"['CANoeCANalyzer/Interfaces/FMIConfig.md', 'CANoeCANalyzer/Interfaces/MATLAB/MATLAB.md', 'CANoeCANalyzer/Interfaces/MATLAB/Setup/MATLABSetupCustIntCANoe.md', 'SampConf/IOhil/CANoe/FMI/FMIBasic.md', 'CANoeCANalyzer/Interfaces/MATLAB/MATLABExecutionModes.md']","['CANoeCANalyzer/Interfaces/FMIConfig.md', 'CANoeCANalyzer/Interfaces/MATLAB/MATLAB.md', 'CANoeCANalyzer/Interfaces/MATLAB/Setup/MATLABSetupCustIntCANoe.md', 'SampConf/IOhil/CANoe/FMI/FMIBasic.md', 'CANoeCANalyzer/Interfaces/MATLAB/MATLABExecutionModes.md']",miss,0,99.0,same_parent_candidates,CANoeCANalyzer,CANoeCANalyzer/Interfaces,CANoeCANalyzer/Interfaces/FMIConfig.md,True,True
106,simple_task_en,I want to consult the basic introduction and compilation process of the CAPL language.,CANoeCANalyzer/CAPL/CAPL.md,True,查询具体的工具/功能,False,,"['CANoeCANalyzer/CANopen/popups/capl.md', 'SampConf/popups/PopupCAPL.md', 'Shared/CAPL/CAPLIntroduction.md', 'CAPLBrowser/CAPLBrowser.md', 'CAPLFunctions/Other/CAPLGeneralStartPage.md']","['CANoeCANalyzer/CANopen/popups/capl.md', 'SampConf/popups/PopupCAPL.md', 'Shared/CAPL/CAPLIntroduction.md', 'CAPLBrowser/CAPLBrowser.md', 'CAPLFunctions/Other/CAPLGeneralStartPage.md']",miss,0,99.0,same_top_module_candidates,CANoeCANalyzer,CANoeCANalyzer/CAPL,CANoeCANalyzer/CANopen/popups/capl.md,False,True
111,simple_task_zh,我想通过脚本获取特定CAN通道的实时总线负载情况。,CAPLFunctions/ObjectOrientedProg/CAPLfunctionsOOPCAN.md,True,查询类的构造和定义,False,,"['CAPLFunctions/CAN/Functions/CAPLfunctionBusLoad.md', 'CAPLFunctions/CAN/Functions/CAPLfunctionCanGetBusLoad.md', 'CAPLFunctions/Obsolete/Functions/CAPLfunctionCanGetOverloadRate.md', 'CAPLFunctions/Obsolete/Functions/CAPLfunctionCanGetPeakLoad.md', 'CAPLFunctions/CAN/CAPLfunctionsCANOverview.md']","['CAPLFunctions/CAN/Functions/CAPLfunctionBusLoad.md', 'CAPLFunctions/CAN/Functions/CAPLfunctionCanGetBusLoad.md', 'CAPLFunctions/Obsolete/Functions/CAPLfunctionCanGetOverloadRate.md', 'CAPLFunctions/Obsolete/Functions/CAPLfunctionCanGetPeakLoad.md', 'CAPLFunctions/CAN/CAPLfunctionsCANOverview.md']",miss,0,99.0,same_top_module_candidates,CAPLFunctions,CAPLFunctions/ObjectOrientedProg,CAPLFunctions/CAN/Functions/CAPLfunctionBusLoad.md,False,True
111,simple_task_en,I want to get the real-time bus load of a specific CAN channel via script.,CAPLFunctions/ObjectOrientedProg/CAPLfunctionsOOPCAN.md,True,查询类的构造和定义,False,,"['CAPLFunctions/CAN/Functions/CAPLfunctionBusLoad.md', 'CAPLFunctions/CAN/Functions/CAPLfunctionCanGetBusLoad.md', 'COMInterface/Objects/COMObjectCANBusStatistic.md', 'CAPLFunctions/CAN/CAPLfunctionsCANOverview.md', 'CAPLFunctions/Obsolete/Functions/CAPLfunctionCanGetPeakLoad.md']","['CAPLFunctions/CAN/Functions/CAPLfunctionBusLoad.md', 'CAPLFunctions/CAN/Functions/CAPLfunctionCanGetBusLoad.md', 'COMInterface/Objects/COMObjectCANBusStatistic.md', 'CAPLFunctions/CAN/CAPLfunctionsCANOverview.md', 'CAPLFunctions/Obsolete/Functions/CAPLfunctionCanGetPeakLoad.md']",miss,0,99.0,same_top_module_candidates,CAPLFunctions,CAPLFunctions/ObjectOrientedProg,CAPLFunctions/CAN/Functions/CAPLfunctionBusLoad.md,False,True
116,simple_task_zh,我想了解如何使用TcpSocket类在CAPL中建立一个基于TCP的通信连接。,CAPLFunctions/ObjectOrientedProg/CAPLfunctionsOOPTCPSocket.md,True,查询类的构造和定义,False,,"['Shared/CAPL/TCPIPAPI/TCPIPAPI.md', 'CAPLFunctions/TCPIPAPI/Functions/CAPLfunctionTCPConnect.md', 'SampConf/Ethernet/CANoe/Chat/ChatTCPcn.md', 'CAPLFunctions/IP/SOMEIPIL/Functions/CAPLfunctionSomeIpEstablishTCPConnection.md', 'SampConf/Ethernet/CANoe/TCPBasicCAPL/TCPBasicCAPLCN.md']","['Shared/CAPL/TCPIPAPI/TCPIPAPI.md', 'CAPLFunctions/TCPIPAPI/Functions/CAPLfunctionTCPConnect.md', 'SampConf/Ethernet/CANoe/Chat/ChatTCPcn.md', 'CAPLFunctions/IP/SOMEIPIL/Functions/CAPLfunctionSomeIpEstablishTCPConnection.md', 'SampConf/Ethernet/CANoe/TCPBasicCAPL/TCPBasicCAPLCN.md']",miss,0,99.0,same_top_module_candidates,CAPLFunctions,CAPLFunctions/ObjectOrientedProg,Shared/CAPL/TCPIPAPI/TCPIPAPI.md,False,True
117,simple_task_en,I want to know how to configure the diagnostic communication callback interface when simulating an ECU.,CAPLFunctions/Diagnostics/CAPLfunctionsDiagnosticsConnectionCommunicationLayer.md,True,查询核心概念与技术细节,False,,"['CAPLFunctions/KLine/Functions/CAPLfunctionDiagInitEcuSimulation.md', 'CANoeCANalyzer/FlexRay/FRHowTo/FRHowToECUDiagnosticSim.md', 'CAPLFunctions/Diagnostics/CAPLfunctionsDiagnosticsECUImplementation.md', 'CANoeCANalyzer/Diagnostics/Simulation/DiagSimulation.md', 'CAPLFunctions/Diagnostics/Functions/CAPLfunctionDiagSetTarget.md']","['CAPLFunctions/KLine/Functions/CAPLfunctionDiagInitEcuSimulation.md', 'CANoeCANalyzer/FlexRay/FRHowTo/FRHowToECUDiagnosticSim.md', 'CAPLFunctions/Diagnostics/CAPLfunctionsDiagnosticsECUImplementation.md', 'CANoeCANalyzer/Diagnostics/Simulation/DiagSimulation.md', 'CAPLFunctions/Diagnostics/Functions/CAPLfunctionDiagSetTarget.md']",miss,0,99.0,same_parent_candidates,CAPLFunctions,CAPLFunctions/Diagnostics,CAPLFunctions/KLine/Functions/CAPLfunctionDiagInitEcuSimulation.md,True,True
120,simple_task_zh,我想了解测试服务库（TSL）提供的函数分类及其实现的基本功能。,CAPLFunctions/Test/CAPLfunctionsTSLOverview.md,True,查询模块总览与导航,False,,"['CANoeCANalyzer/Test/TestServiceLibrary/TSLIntroduction.md', 'CANoeCANalyzer/Test/TestServiceLibrary/TSLWorkingWithTSLFunctions.md', 'CAPLFunctions/Test/CAPLfunctionsTSLFunctionTypes.md', 'CANoeCANalyzer/Test/TestServiceLibrary.md', 'CANoeCANalyzer/J1939/j1939tsl/j1939tslOverview.md']","['CANoeCANalyzer/Test/TestServiceLibrary/TSLIntroduction.md', 'CANoeCANalyzer/Test/TestServiceLibrary/TSLWorkingWithTSLFunctions.md', 'CAPLFunctions/Test/CAPLfunctionsTSLFunctionTypes.md', 'CANoeCANalyzer/Test/TestServiceLibrary.md', 'CANoeCANalyzer/J1939/j1939tsl/j1939tslOverview.md']",miss,0,99.0,same_parent_candidates,CAPLFunctions,CAPLFunctions/Test,CANoeCANalyzer/Test/TestServiceLibrary/TSLIntroduction.md,True,True
134,simple_task_zh,我想了解如何通过CAPL函数控制交互层（IL）的运行状态，比如启动或停止信号仿真。,CAPLFunctions/CANoeIL/CAPLfunctionsCANoeILOverview.md,True,查询交互层/IL的使用,False,,"['CAPLFunctions/CANoeIL/Functions/CAPLfunctionILControlStart.md', 'CAPLFunctions/CANoeIL/Functions/CAPLfunctionILControlSimulationOn.md', 'CAPLFunctions/CANoeIL/Functions/CAPLfunctionILControlStop.md', 'CAPLFunctions/Obsolete/Functions/CAPLfunctionILControlWait.md', 'CAPLFunctions/CANoeIL/Functions/CAPLfunctionILControlSimulationOff.md']","['CAPLFunctions/CANoeIL/Functions/CAPLfunctionILControlStart.md', 'CAPLFunctions/CANoeIL/Functions/CAPLfunctionILControlSimulationOn.md', 'CAPLFunctions/CANoeIL/Functions/CAPLfunctionILControlStop.md', 'CAPLFunctions/Obsolete/Functions/CAPLfunctionILControlWait.md', 'CAPLFunctions/CANoeIL/Functions/CAPLfunctionILControlSimulationOff.md']",miss,0,99.0,same_top_module_candidates,CAPLFunctions,CAPLFunctions/CANoeIL,CAPLFunctions/CANoeIL/Functions/CAPLfunctionILControlStart.md,False,True
134,simple_task_en,"I want to know how to control the running state of the Interaction Layer (IL) via CAPL functions, such as starting or stopping signal simulation.",CAPLFunctions/CANoeIL/CAPLfunctionsCANoeILOverview.md,True,查询交互层/IL的使用,False,,"['CAPLFunctions/CANoeIL/Functions/CAPLfunctionILControlStart.md', 'CAPLFunctions/CANoeIL/Functions/CAPLfunctionILControlSimulationOn.md', 'CAPLFunctions/CANoeIL/Functions/CAPLfunctionILNodeControlSimulationOn.md', 'CAPLFunctions/CANoeIL/Functions/CAPLfunctionILControlStop.md', 'CAPLFunctions/CANoeIL/Functions/CAPLfunctionILControlSimulationOff.md']","['CAPLFunctions/CANoeIL/Functions/CAPLfunctionILControlStart.md', 'CAPLFunctions/CANoeIL/Functions/CAPLfunctionILControlSimulationOn.md', 'CAPLFunctions/CANoeIL/Functions/CAPLfunctionILNodeControlSimulationOn.md', 'CAPLFunctions/CANoeIL/Functions/CAPLfunctionILControlStop.md', 'CAPLFunctions/CANoeIL/Functions/CAPLfunctionILControlSimulationOff.md']",miss,0,99.0,same_top_module_candidates,CAPLFunctions,CAPLFunctions/CANoeIL,CAPLFunctions/CANoeIL/Functions/CAPLfunctionILControlStart.md,False,True
139,simple_task_zh,"我想查询不同版本的LIN协议（如1.x, 2.x, SAE-J2602）在硬件配置参数上的具体差异。",CAPLFunctions/LIN/CAPLfunctionsLINHardwareConfiguration.md,True,查询核心概念与技术细节,False,,"['CANoeCANalyzer/LIN/LINProtocols/SAEJ2602v2020.md', 'CANoeCANalyzer/LIN/LINProtocols/SAEJ2602v2012.md', 'COMInterface/Objects/COMObjectLinProtocolVersion.md', 'CANoeCANalyzer/LIN/LINProtocols/LIN_1x.md', 'CANoeCANalyzer/LIN/LINProtocols/LIN_Support_of_Spec_20.md']","['CANoeCANalyzer/LIN/LINProtocols/SAEJ2602v2020.md', 'CANoeCANalyzer/LIN/LINProtocols/SAEJ2602v2012.md', 'COMInterface/Objects/COMObjectLinProtocolVersion.md', 'CANoeCANalyzer/LIN/LINProtocols/LIN_1x.md', 'CANoeCANalyzer/LIN/LINProtocols/LIN_Support_of_Spec_20.md']",miss,0,99.0,lexically_related_other_branch,CAPLFunctions,CAPLFunctions/LIN,CANoeCANalyzer/LIN/LINProtocols/SAEJ2602v2020.md,False,False
146,simple_task_zh,我想在脚本中实现基本的UDP网络通信功能。,CAPLFunctions/ObjectOrientedProg/CAPLfunctionsOOPUDPSocket.md,True,查询类的构造和定义,False,,"['SampConf/Ethernet/CANoe/UDPBasicCAPL/UDPBasicCAPLCN.md', 'SampConf/Ethernet/CANoe/UDP/UDPDotNET.md', 'CAPLFunctions/IP/Methods/CAPLfunctionIsUDP.md', 'CAPLFunctions/IP/Methods/CAPLfunctionSetToUDP.md', 'CAPLFunctions/Diagnostics/Functions/CAPLfunctionDoIPUDPSend.md']","['SampConf/Ethernet/CANoe/UDPBasicCAPL/UDPBasicCAPLCN.md', 'SampConf/Ethernet/CANoe/UDP/UDPDotNET.md', 'CAPLFunctions/IP/Methods/CAPLfunctionIsUDP.md', 'CAPLFunctions/IP/Methods/CAPLfunctionSetToUDP.md', 'CAPLFunctions/Diagnostics/Functions/CAPLfunctionDoIPUDPSend.md']",miss,0,99.0,same_top_module_candidates,CAPLFunctions,CAPLFunctions/ObjectOrientedProg,SampConf/Ethernet/CANoe/UDPBasicCAPL/UDPBasicCAPLCN.md,False,True
146,simple_task_en,I want to implement basic UDP network communication in my script.,CAPLFunctions/ObjectOrientedProg/CAPLfunctionsOOPUDPSocket.md,True,查询类的构造和定义,False,,"['SampConf/Ethernet/CANoe/UDPBasicCAPL/UDPBasicCAPLCN.md', 'SampConf/Ethernet/CANoe/UDP/UDPDotNET.md', 'CAPLFunctions/Diagnostics/Functions/CAPLfunctionDoIPUDPSend.md', 'CAPLFunctions/IP/Methods/CAPLfunctionSetToUDP.md', 'CAPLFunctions/Diagnostics/Functions/CAPLfunctionDoIPUDPSendPort.md']","['SampConf/Ethernet/CANoe/UDPBasicCAPL/UDPBasicCAPLCN.md', 'SampConf/Ethernet/CANoe/UDP/UDPDotNET.md', 'CAPLFunctions/Diagnostics/Functions/CAPLfunctionDoIPUDPSend.md', 'CAPLFunctions/IP/Methods/CAPLfunctionSetToUDP.md', 'CAPLFunctions/Diagnostics/Functions/CAPLfunctionDoIPUDPSendPort.md']",miss,0,99.0,same_top_module_candidates,CAPLFunctions,CAPLFunctions/ObjectOrientedProg,SampConf/Ethernet/CANoe/UDPBasicCAPL/UDPBasicCAPLCN.md,False,True
149,simple_task_zh,我想了解如何在测试脚本中生成各种类型的激励信号。,CAPLFunctions/Test/CAPLfunctionsTSLStimulusOverview.md,True,查询模块总览与导航,False,,"['CANoeCANalyzer/Test/TestStimulationExamination.md', 'CAPLFunctions/ObjectOrientedProg/CAPLfunctionsOOPTestStimulus.md', 'CANoeCANalyzer/FunctionBlocks/IG/IGCANConfigSignalGenerator.md', 'CANoeCANalyzer/Windows/SignalGenerator/SignalGeneratorTypeRandom.md', 'CANoeCANalyzer/Test/TestServiceLibrary/TSLIntroduction.md']","['CANoeCANalyzer/Test/TestStimulationExamination.md', 'CAPLFunctions/ObjectOrientedProg/CAPLfunctionsOOPTestStimulus.md', 'CANoeCANalyzer/FunctionBlocks/IG/IGCANConfigSignalGenerator.md', 'CANoeCANalyzer/Windows/SignalGenerator/SignalGeneratorTypeRandom.md', 'CANoeCANalyzer/Test/TestServiceLibrary/TSLIntroduction.md']",miss,0,99.0,same_top_module_candidates,CAPLFunctions,CAPLFunctions/Test,CANoeCANalyzer/Test/TestStimulationExamination.md,False,True
151,complex_task_zh,我在进行长时间的稳定性测试，需要监控某些检查项的触发频率。我想了解系统如何收集统计数据，比如两次事件之间的最小、最大或平均时间间隔，以及如何将这些状态信息输出到日志文件或控制台窗口中。,CAPLFunctions/Test/CAPLfunctionsTSLStatusReportFunctions.md,True,查询核心概念与技术细节,False,,"['CAPLFunctions/CANopen/NodeLayerTFS/Functions/CAPLfunctionCoTfsMonitorGetStatistics.md', 'CANoeCANalyzer/Test/TestServiceLibrary/TSLAnalyzingMeasurementResults.md', 'CANoeCANalyzer/FunctionBlocks/Statistics/dlg_statistic.md', 'CANoeCANalyzer/FunctionBlocks/Statistics/HELP_STATCONF_2.md', 'CAPLFunctions/Test/Functions/CAPLfunctionChkQueryStatEventFreePeriodAvg.md']","['CAPLFunctions/CANopen/NodeLayerTFS/Functions/CAPLfunctionCoTfsMonitorGetStatistics.md', 'CANoeCANalyzer/Test/TestServiceLibrary/TSLAnalyzingMeasurementResults.md', 'CANoeCANalyzer/FunctionBlocks/Statistics/dlg_statistic.md', 'CANoeCANalyzer/FunctionBlocks/Statistics/HELP_STATCONF_2.md', 'CAPLFunctions/Test/Functions/CAPLfunctionChkQueryStatEventFreePeriodAvg.md']",miss,0,99.0,same_top_module_candidates,CAPLFunctions,CAPLFunctions/Test,CAPLFunctions/CANopen/NodeLayerTFS/Functions/CAPLfunctionCoTfsMonitorGetStatistics.md,False,True
161,simple_task_zh,我想了解该软件中各种测试组件（如测试模块和测试单元）的基本概念和架构。,CANoeCANalyzer/Test/TestConcept.md,True,查询核心概念与技术细节,False,,"['CANoeCANalyzer/Test/TestModules/XML/StructuringElements/SETestModule.md', 'COMInterface/Objects/COMObjectTestModules.md', 'COMInterface/Objects/COMObjectTestUnits.md', 'COMInterface/Properties/COMPropertyTestModules.md', 'COMInterface/Objects/COMObjectTestUnit.md']","['CANoeCANalyzer/Test/TestModules/XML/StructuringElements/SETestModule.md', 'COMInterface/Objects/COMObjectTestModules.md', 'COMInterface/Objects/COMObjectTestUnits.md', 'COMInterface/Properties/COMPropertyTestModules.md', 'COMInterface/Objects/COMObjectTestUnit.md']",miss,0,99.0,same_top_module_candidates,CANoeCANalyzer,CANoeCANalyzer/Test,CANoeCANalyzer/Test/TestModules/XML/StructuringElements/SETestModule.md,False,True
161,complex_task_zh,我需要开始编写自动化测试脚本，但对系统中‘测试模块’、‘测试配置’和‘测试执行’的关系不太清楚。我想查阅其测试架构的总体设计，了解CAPL、.NET和XML等不同形式的测试代码是如何组织并运行的。,CANoeCANalyzer/Test/TestConcept.md,True,查询核心概念与技术细节,False,,"['CANoeCANalyzer/Test/TestModularization.md', 'CANoeCANalyzer/Test/TestModules/XML/XMLTestModuleStructure.md', 'CANoeCANalyzer/Test/TestModules/CAPL/CAPLTestModuleStructure.md', 'CANoeCANalyzer/Test/TestModules/XML/StructuringElements/SECAPLTestCase.md', 'CANoeCANalyzer/Test/TestModules/XML/StructuringElements/StructuringElements.md']","['CANoeCANalyzer/Test/TestModularization.md', 'CANoeCANalyzer/Test/TestModules/XML/XMLTestModuleStructure.md', 'CANoeCANalyzer/Test/TestModules/CAPL/CAPLTestModuleStructure.md', 'CANoeCANalyzer/Test/TestModules/XML/StructuringElements/SECAPLTestCase.md', 'CANoeCANalyzer/Test/TestModules/XML/StructuringElements/StructuringElements.md']",miss,0,99.0,same_parent_candidates,CANoeCANalyzer,CANoeCANalyzer/Test,CANoeCANalyzer/Test/TestModularization.md,True,True
161,simple_task_en,I want to understand the basic concepts and architecture of various testing components (such as test modules and test units) in this software.,CANoeCANalyzer/Test/TestConcept.md,True,查询核心概念与技术细节,False,,"['CANoeCANalyzer/Test/TestModules/XML/StructuringElements/SETestModule.md', 'COMInterface/Objects/COMObjectTestModules.md', 'COMInterface/Objects/COMObjectTestUnits.md', 'COMInterface/Properties/COMPropertyTestModules.md', 'CANoeCANalyzer/Test/TestModularization.md']","['CANoeCANalyzer/Test/TestModules/XML/StructuringElements/SETestModule.md', 'COMInterface/Objects/COMObjectTestModules.md', 'COMInterface/Objects/COMObjectTestUnits.md', 'COMInterface/Properties/COMPropertyTestModules.md', 'CANoeCANalyzer/Test/TestModularization.md']",miss,0,99.0,same_parent_candidates,CANoeCANalyzer,CANoeCANalyzer/Test,CANoeCANalyzer/Test/TestModules/XML/StructuringElements/SETestModule.md,True,True
161,complex_task_en,"I need to start writing automated test scripts but am unclear about the relationships between 'test modules', 'test configurations', and 'test execution' in the system. I'd like to consult the overall design of its testing architecture to understand how different forms of test code like CAPL, .NET, and XML are organized and executed.",CANoeCANalyzer/Test/TestConcept.md,True,查询核心概念与技术细节,False,,"['CANoeCANalyzer/Test/TestModules/XML/XMLTestModuleStructure.md', 'CANoeCANalyzer/Test/TestModules/CAPL/CAPLTestModuleStructure.md', 'CANoeCANalyzer/Test/TestModularization.md', 'CANoeCANalyzer/Test/TestModules/XML/StructuringElements/SECAPLTestCase.md', 'CANoeCANalyzer/Test/TestFeatureSet/TFSIntroduction.md']","['CANoeCANalyzer/Test/TestModules/XML/XMLTestModuleStructure.md', 'CANoeCANalyzer/Test/TestModules/CAPL/CAPLTestModuleStructure.md', 'CANoeCANalyzer/Test/TestModularization.md', 'CANoeCANalyzer/Test/TestModules/XML/StructuringElements/SECAPLTestCase.md', 'CANoeCANalyzer/Test/TestFeatureSet/TFSIntroduction.md']",miss,0,99.0,same_parent_candidates,CANoeCANalyzer,CANoeCANalyzer/Test,CANoeCANalyzer/Test/TestModules/XML/XMLTestModuleStructure.md,True,True
162,simple_task_zh,我想查看该工具支持的所有以太网相关功能和协议的总览。,CANoeCANalyzer/Ethernet/Ethernet.md,True,查询模块总览与导航,False,,"['CANoeCANalyzer/Ethernet/Basics/FeatureMatrix.md', 'CANoeCANalyzer/Ethernet/EthernetFeatures.md', 'CAPLFunctions/IP/CAPLEthernetStartPage.md', 'CANoeCANalyzer/Ethernet/EthernetNetworkMonitor.md', 'CAPLFunctions/IP/Objects/CAPLfunctionEth.md']","['CANoeCANalyzer/Ethernet/Basics/FeatureMatrix.md', 'CANoeCANalyzer/Ethernet/EthernetFeatures.md', 'CAPLFunctions/IP/CAPLEthernetStartPage.md', 'CANoeCANalyzer/Ethernet/EthernetNetworkMonitor.md', 'CAPLFunctions/IP/Objects/CAPLfunctionEth.md']",miss,0,99.0,same_parent_candidates,CANoeCANalyzer,CANoeCANalyzer/Ethernet,CANoeCANalyzer/Ethernet/Basics/FeatureMatrix.md,True,True
162,complex_task_zh,"我正准备进行以太网项目的开发，需要了解该工具对以太网的支持程度。我想找一个导航页面，包含CAPL函数参考、支持的协议（如SOME/IP, DoIP, XCP）列表，以及如何配置网络访问和进行数据记录的入门指南。",CANoeCANalyzer/Ethernet/Ethernet.md,True,查询模块总览与导航,False,,"['CAPLFunctions/IP/CAPLEthernetStartPage.md', 'CAPLFunctions/IP/SOMEIPIL/CAPLfunctionsSomeIPILOverview.md', 'CANoeCANalyzer/Ethernet/Procedures/ProgrammingEthernetOverview.md', 'CANoeCANalyzer/Ethernet/EthernetFeatures.md', 'CAPLBrowser/CAPLBrowser.md']","['CAPLFunctions/IP/CAPLEthernetStartPage.md', 'CAPLFunctions/IP/SOMEIPIL/CAPLfunctionsSomeIPILOverview.md', 'CANoeCANalyzer/Ethernet/Procedures/ProgrammingEthernetOverview.md', 'CANoeCANalyzer/Ethernet/EthernetFeatures.md', 'CAPLBrowser/CAPLBrowser.md']",miss,0,99.0,same_parent_candidates,CANoeCANalyzer,CANoeCANalyzer/Ethernet,CAPLFunctions/IP/CAPLEthernetStartPage.md,True,True
162,simple_task_en,I want to view an overview of all Ethernet-related features and protocols supported by this tool.,CANoeCANalyzer/Ethernet/Ethernet.md,True,查询模块总览与导航,False,,"['CANoeCANalyzer/Ethernet/Procedures/StartOverview.md', 'CANoeCANalyzer/Ethernet/EthernetNetworkMonitor.md', 'CANoeCANalyzer/Ethernet/EthernetFeatures.md', 'CANoeCANalyzer/Ethernet/Basics/FeatureMatrix.md', 'CAPLFunctions/IP/Objects/CAPLfunctionEth.md']","['CANoeCANalyzer/Ethernet/Procedures/StartOverview.md', 'CANoeCANalyzer/Ethernet/EthernetNetworkMonitor.md', 'CANoeCANalyzer/Ethernet/EthernetFeatures.md', 'CANoeCANalyzer/Ethernet/Basics/FeatureMatrix.md', 'CAPLFunctions/IP/Objects/CAPLfunctionEth.md']",miss,0,99.0,same_parent_candidates,CANoeCANalyzer,CANoeCANalyzer/Ethernet,CANoeCANalyzer/Ethernet/Procedures/StartOverview.md,True,True
162,complex_task_en,"I'm preparing for an Ethernet project and need to understand the tool's level of support for Ethernet. I'm looking for a navigation page that includes CAPL function references, a list of supported protocols (such as SOME/IP, DoIP, XCP), and getting-started guides on configuring network access and data logging.",CANoeCANalyzer/Ethernet/Ethernet.md,True,查询模块总览与导航,False,,"['CAPLFunctions/IP/CAPLEthernetStartPage.md', 'CANoeCANalyzer/Ethernet/Procedures/ProgrammingEthernetOverview.md', 'CANoeCANalyzer/Ethernet/EthernetFeatures.md', 'SampConf/Ethernet/SampConfsEthernet.md', 'CANoeCANalyzer/Ethernet/Procedures/ProgrammingEthernetPacket.md']","['CAPLFunctions/IP/CAPLEthernetStartPage.md', 'CANoeCANalyzer/Ethernet/Procedures/ProgrammingEthernetOverview.md', 'CANoeCANalyzer/Ethernet/EthernetFeatures.md', 'SampConf/Ethernet/SampConfsEthernet.md', 'CANoeCANalyzer/Ethernet/Procedures/ProgrammingEthernetPacket.md']",miss,0,99.0,same_parent_candidates,CANoeCANalyzer,CANoeCANalyzer/Ethernet,CAPLFunctions/IP/CAPLEthernetStartPage.md,True,True
169,complex_task_zh,我需要对捕获的报文进行深入分析，包括数据过滤、日志记录和离线回放。我想找一个功能总览页面，快速定位到关于测量设置、数据库工作方式、导入数据流以及如何配置各种分析窗口的操作说明。,CANoeCANalyzer/Analysis/AnalysisFeatures.md,True,查询模块总览与导航,False,,"['CANoeCANalyzer/Windows/MeasurementSetup/MeasurementSetupWindow.md', 'CANoeCANalyzer/Windows/TraceTest/TestTraceExplorer.md', 'CANoeCANalyzer/Ribbon/RibbonAnalysis.md', 'CANoeCANalyzer/Windows/Trace/TraceExplorerShortcutMenu.md', 'CANoeCANalyzer/Windows/Trace/TraceWindowFeatures.md']","['CANoeCANalyzer/Windows/MeasurementSetup/MeasurementSetupWindow.md', 'CANoeCANalyzer/Windows/TraceTest/TestTraceExplorer.md', 'CANoeCANalyzer/Ribbon/RibbonAnalysis.md', 'CANoeCANalyzer/Windows/Trace/TraceExplorerShortcutMenu.md', 'CANoeCANalyzer/Windows/Trace/TraceWindowFeatures.md']",miss,0,99.0,same_top_module_candidates,CANoeCANalyzer,CANoeCANalyzer/Analysis,CANoeCANalyzer/Windows/MeasurementSetup/MeasurementSetupWindow.md,False,True
169,complex_task_en,"I need to perform in-depth analysis of captured messages, including data filtering, logging, and offline playback. I'm looking for a functional overview page to quickly locate operational instructions regarding measurement setup, database workflows, importing data streams, and configuring various analysis windows.",CANoeCANalyzer/Analysis/AnalysisFeatures.md,True,查询模块总览与导航,False,,"['CANoeCANalyzer/Windows/MeasurementSetup/OfflineModeWindow.md', 'SampConf/MOST/CANoe/MOSTSystemDemo/MOSTSystemDemoAnalysisCN.md', 'CANoeCANalyzer/Windows/MeasurementSetup/MeasurementSetupWindow.md', 'CANoeCANalyzer/Ribbon/RibbonAnalysis.md', 'CANoeCANalyzer/General/help_offline_0.md']","['CANoeCANalyzer/Windows/MeasurementSetup/OfflineModeWindow.md', 'SampConf/MOST/CANoe/MOSTSystemDemo/MOSTSystemDemoAnalysisCN.md', 'CANoeCANalyzer/Windows/MeasurementSetup/MeasurementSetupWindow.md', 'CANoeCANalyzer/Ribbon/RibbonAnalysis.md', 'CANoeCANalyzer/General/help_offline_0.md']",miss,0,99.0,same_top_module_candidates,CANoeCANalyzer,CANoeCANalyzer/Analysis,CANoeCANalyzer/Windows/MeasurementSetup/OfflineModeWindow.md,False,True
183,simple_task_en,I want to know how to manually update the internal state and system variables of the CarMaker interface.,CAPLFunctions/CarMaker/Functions/CAPLfunctionCarMakerPoll.md,True,查询具体的函数/方法,False,,"['CANoeCANalyzer/Interfaces/CarMaker/CarMaker.md', 'CAPLFunctions/CarMaker/CAPLfunctionsCarMakerOverview.md', 'SampConf/IOhil/CANoe/CarMakerInterface/CarMakerIFBasic.md', 'CAPLFunctions/CarMaker/Functions/CAPLfunctionCarMakerStartSim.md', 'CAPLFunctions/CarMaker/Functions/CAPLfunctionCarMakerStatus.md']","['CANoeCANalyzer/Interfaces/CarMaker/CarMaker.md', 'CAPLFunctions/CarMaker/CAPLfunctionsCarMakerOverview.md', 'SampConf/IOhil/CANoe/CarMakerInterface/CarMakerIFBasic.md', 'CAPLFunctions/CarMaker/Functions/CAPLfunctionCarMakerStartSim.md', 'CAPLFunctions/CarMaker/Functions/CAPLfunctionCarMakerStatus.md']",miss,0,99.0,same_parent_candidates,CAPLFunctions,CAPLFunctions/CarMaker/Functions,CANoeCANalyzer/Interfaces/CarMaker/CarMaker.md,True,True
184,simple_task_zh,我想通过脚本手动触发发送一个已经在交互层定义的SOME/IP事件。,CAPLFunctions/IP/AUTOSARethIL/Functions/CAPLfunctionAREthTriggerEvent.md,True,查询具体的函数/方法,False,,"['CANoeCANalyzer/Ethernet/ILSomeIP/ILSomeIP.md', 'CAPLFunctions/IP/SOMEIPIL/Functions/CAPLfunctionSomeIpTriggerEvent.md', 'SampConf/Ethernet/CANoe/SOMEIPBasicAutosar/SOMEIPBasicAutosarCN.md', 'CAPLFunctions/IP/SOMEIPIL/CAPLfunctionsSomeIPILOverview.md', 'CAPLFunctions/IP/SOMEIPIL/Functions/CAPLfunctionSomeIpAddEvent.md']","['CANoeCANalyzer/Ethernet/ILSomeIP/ILSomeIP.md', 'CAPLFunctions/IP/SOMEIPIL/Functions/CAPLfunctionSomeIpTriggerEvent.md', 'SampConf/Ethernet/CANoe/SOMEIPBasicAutosar/SOMEIPBasicAutosarCN.md', 'CAPLFunctions/IP/SOMEIPIL/CAPLfunctionsSomeIPILOverview.md', 'CAPLFunctions/IP/SOMEIPIL/Functions/CAPLfunctionSomeIpAddEvent.md']",miss,0,99.0,same_top_module_candidates,CAPLFunctions,CAPLFunctions/IP/AUTOSARethIL/Functions,CANoeCANalyzer/Ethernet/ILSomeIP/ILSomeIP.md,False,True
184,simple_task_en,I want to manually trigger the sending of a SOME/IP event that has already been defined in the interaction layer via script.,CAPLFunctions/IP/AUTOSARethIL/Functions/CAPLfunctionAREthTriggerEvent.md,True,查询具体的函数/方法,False,,"['CAPLFunctions/IP/SOMEIPIL/Functions/CAPLfunctionSomeIpTriggerEvent.md', 'CAPLFunctions/IP/SOMEIPIL/Functions/CAPLfunctionSomeIpAddEvent.md', 'CANoeCANalyzer/Ethernet/ILSomeIP/ILSomeIP.md', 'SampConf/Ethernet/CANoe/SOMEIPBasicAutosar/SOMEIPBasicAutosarCN.md', 'CAPLFunctions/IP/SOMEIPIL/CAPLfunctionsSomeIPILOverview.md']","['CAPLFunctions/IP/SOMEIPIL/Functions/CAPLfunctionSomeIpTriggerEvent.md', 'CAPLFunctions/IP/SOMEIPIL/Functions/CAPLfunctionSomeIpAddEvent.md', 'CANoeCANalyzer/Ethernet/ILSomeIP/ILSomeIP.md', 'SampConf/Ethernet/CANoe/SOMEIPBasicAutosar/SOMEIPBasicAutosarCN.md', 'CAPLFunctions/IP/SOMEIPIL/CAPLfunctionsSomeIPILOverview.md']",miss,0,99.0,same_top_module_candidates,CAPLFunctions,CAPLFunctions/IP/AUTOSARethIL/Functions,CAPLFunctions/IP/SOMEIPIL/Functions/CAPLfunctionSomeIpTriggerEvent.md,False,True
185,complex_task_zh,我正在编写自动化测试脚本，需要同时等待多个信号满足特定条件。我想了解如何将一个通信对象的无符号整型字段的范围检查（如下限和上限）加入到当前正在构建的等待集合中，并配置它是在调用时立即评估还是等待下一次报文更新时再评估。,CAPLFunctions/Test/Functions/CAPLfunctionTestJoinImplValueInRangeUInt.md,True,查询具体的函数/方法,False,,"['CAPLFunctions/Test/Functions/CAPLfunctionTestWaitForSignalInRange.md', 'CAPLFunctions/Test/Functions/CAPLfunctionTestWaitForImplValueInRangeUInt.md', 'CAPLFunctions/Test/Functions/CAPLfunctionTestJoinImplValueInRangeSInt.md', 'CAPLFunctions/Test/Functions/CAPLfunctionTestWaitForSignalOutsideRange.md', 'CAPLFunctions/Test/Functions/CAPLfunctionTestWaitForImplValueInRangeSInt.md']","['CAPLFunctions/Test/Functions/CAPLfunctionTestWaitForSignalInRange.md', 'CAPLFunctions/Test/Functions/CAPLfunctionTestWaitForImplValueInRangeUInt.md', 'CAPLFunctions/Test/Functions/CAPLfunctionTestJoinImplValueInRangeSInt.md', 'CAPLFunctions/Test/Functions/CAPLfunctionTestWaitForSignalOutsideRange.md', 'CAPLFunctions/Test/Functions/CAPLfunctionTestWaitForImplValueInRangeSInt.md']",miss,0,99.0,same_parent_candidates,CAPLFunctions,CAPLFunctions/Test/Functions,CAPLFunctions/Test/Functions/CAPLfunctionTestWaitForSignalInRange.md,True,True
189,simple_task_en,I want to query how to clear the contents of the output window while a script is running.,CAPLFunctions/Other/Functions/CAPLfunctionWriteClear.md,True,查询具体的函数/方法,False,,"['CANoeCANalyzer/Windows/Write/WriteWindowContextMenu.md', 'CAPLFunctions/Other/Functions/CAPLfunctionGraphicsWindowClear.md', 'CAPLFunctions/Other/Functions/CAPLfunctionTraceWindowClear.md', 'CANoeCANalyzer/Windows/Write/WriteWindow.md', 'COMInterface/Methods/COMMethodClear.md']","['CANoeCANalyzer/Windows/Write/WriteWindowContextMenu.md', 'CAPLFunctions/Other/Functions/CAPLfunctionGraphicsWindowClear.md', 'CAPLFunctions/Other/Functions/CAPLfunctionTraceWindowClear.md', 'CANoeCANalyzer/Windows/Write/WriteWindow.md', 'COMInterface/Methods/COMMethodClear.md']",miss,0,99.0,same_parent_candidates,CAPLFunctions,CAPLFunctions/Other/Functions,CANoeCANalyzer/Windows/Write/WriteWindowContextMenu.md,True,True
190,simple_task_zh,我想在测试模块中让脚本暂停执行一段指定的时间。,CAPLFunctions/Test/Functions/CAPLfunctionTestWaitForTimeout.md,True,查询具体的函数/方法,False,,"['CANoeCANalyzer/VisualSequencer/VSCommands/VSCommandWait.md', 'CAPLFunctions/SmartCharging/Functions/CAPLfunctionSCC_SimulationWait.md', 'CANoeCANalyzer/Windows/Graphics/GraphicsDiagramPause.md', 'CAPLFunctions/Test/Functions/CAPLfunctionTestWaitForMeasurementEnd.md', 'CAPLFunctions/Test/Functions/CAPLfunctionTestWaitForTimeoutSilent.md']","['CANoeCANalyzer/VisualSequencer/VSCommands/VSCommandWait.md', 'CAPLFunctions/SmartCharging/Functions/CAPLfunctionSCC_SimulationWait.md', 'CANoeCANalyzer/Windows/Graphics/GraphicsDiagramPause.md', 'CAPLFunctions/Test/Functions/CAPLfunctionTestWaitForMeasurementEnd.md', 'CAPLFunctions/Test/Functions/CAPLfunctionTestWaitForTimeoutSilent.md']",miss,0,99.0,same_parent_candidates,CAPLFunctions,CAPLFunctions/Test/Functions,CANoeCANalyzer/VisualSequencer/VSCommands/VSCommandWait.md,True,True
190,simple_task_en,I want to pause script execution for a specified amount of time in a test module.,CAPLFunctions/Test/Functions/CAPLfunctionTestWaitForTimeout.md,True,查询具体的函数/方法,False,,"['CANoeCANalyzer/VisualSequencer/VSCommands/VSCommandWait.md', 'CANoeCANalyzer/Windows/Graphics/GraphicsDiagramPause.md', 'CAPLFunctions/SmartCharging/Functions/CAPLfunctionSCC_SimulationWait.md', 'CAPLFunctions/Test/Functions/CAPLfunctionTestWaitForMeasurementEnd.md', 'CAPLFunctions/Test/Functions/CAPLfunctionTestWaitForTimeoutSilent.md']","['CANoeCANalyzer/VisualSequencer/VSCommands/VSCommandWait.md', 'CANoeCANalyzer/Windows/Graphics/GraphicsDiagramPause.md', 'CAPLFunctions/SmartCharging/Functions/CAPLfunctionSCC_SimulationWait.md', 'CAPLFunctions/Test/Functions/CAPLfunctionTestWaitForMeasurementEnd.md', 'CAPLFunctions/Test/Functions/CAPLfunctionTestWaitForTimeoutSilent.md']",miss,0,99.0,same_parent_candidates,CAPLFunctions,CAPLFunctions/Test/Functions,CANoeCANalyzer/VisualSequencer/VSCommands/VSCommandWait.md,True,True
195,complex_task_zh,我正在开发涉及以太网服务的仿真脚本，需要从某个消息或方法调用中读取特定的数值字段。我想了解如何使用符号访问路径来提取一个64位的原始数值，并了解在读取失败时如何结合错误查询函数来判断具体原因。,CAPLFunctions/IP/SOMEIPIL/Functions/CAPLfunctionSomeIpGetValueInt64.md,True,查询具体的函数/方法,False,,"['CAPLFunctions/IP/AUTOSARethIL/Functions/CAPLfunctionAREthGetValueInt64.md', 'CAPLFunctions/IP/AUTOSARethIL/Functions/CAPLfunctionAREthGetValueFloat.md', 'CAPLFunctions/IP/AUTOSARethIL/Functions/CAPLfunctionAREthGetValueLong.md', 'CAPLFunctions/IP/SOMEIPIL/Functions/CAPLfunctionSomeIpGetValueLong.md', 'CAPLFunctions/IP/AUTOSARethIL/Functions/CAPLfunctionAREthGetValueQWord.md']","['CAPLFunctions/IP/AUTOSARethIL/Functions/CAPLfunctionAREthGetValueInt64.md', 'CAPLFunctions/IP/AUTOSARethIL/Functions/CAPLfunctionAREthGetValueFloat.md', 'CAPLFunctions/IP/AUTOSARethIL/Functions/CAPLfunctionAREthGetValueLong.md', 'CAPLFunctions/IP/SOMEIPIL/Functions/CAPLfunctionSomeIpGetValueLong.md', 'CAPLFunctions/IP/AUTOSARethIL/Functions/CAPLfunctionAREthGetValueQWord.md']",miss,0,99.0,same_parent_candidates,CAPLFunctions,CAPLFunctions/IP/SOMEIPIL/Functions,CAPLFunctions/IP/AUTOSARethIL/Functions/CAPLfunctionAREthGetValueInt64.md,True,True
195,complex_task_en,I am developing simulation scripts involving Ethernet services and need to read specific numeric fields from a message or method call. I want to understand how to use symbolic access paths to extract a 64-bit raw value and how to combine it with error query functions to determine the cause in case of failure.,CAPLFunctions/IP/SOMEIPIL/Functions/CAPLfunctionSomeIpGetValueInt64.md,True,查询具体的函数/方法,False,,"['CAPLFunctions/IP/AUTOSARethIL/Functions/CAPLfunctionAREthGetValueInt64.md', 'CAPLFunctions/IP/AUTOSARethIL/Functions/CAPLfunctionAREthGetValueLong.md', 'CAPLFunctions/IP/AUTOSARethIL/Functions/CAPLfunctionAREthGetValueQWord.md', 'CAPLFunctions/IP/AUTOSARethIL/Functions/CAPLfunctionAREthGetValueFloat.md', 'CAPLFunctions/IP/SOMEIPIL/Functions/CAPLfunctionSomeIpGetValueLong.md']","['CAPLFunctions/IP/AUTOSARethIL/Functions/CAPLfunctionAREthGetValueInt64.md', 'CAPLFunctions/IP/AUTOSARethIL/Functions/CAPLfunctionAREthGetValueLong.md', 'CAPLFunctions/IP/AUTOSARethIL/Functions/CAPLfunctionAREthGetValueQWord.md', 'CAPLFunctions/IP/AUTOSARethIL/Functions/CAPLfunctionAREthGetValueFloat.md', 'CAPLFunctions/IP/SOMEIPIL/Functions/CAPLfunctionSomeIpGetValueLong.md']",miss,0,99.0,same_parent_candidates,CAPLFunctions,CAPLFunctions/IP/SOMEIPIL/Functions,CAPLFunctions/IP/AUTOSARethIL/Functions/CAPLfunctionAREthGetValueInt64.md,True,True
199,simple_task_en,I want to query how to access raw byte or word data in the Ethernet protocol payload by specifying an offset.,CAPLFunctions/IP/Selectors/CAPLfunctionProtocolByte.md,True,查询选择器,False,,"['CAPLFunctions/Obsolete/EthernetIL/CAPLfunctionEthGetThisValue8.md', 'CAPLFunctions/IP/Selectors/CAPLfunctionProtocolByteOffset.md', 'CAPLFunctions/Obsolete/EthernetIL/CAPLfunctionEthGetThisValue64.md', 'CAPLFunctions/Obsolete/EthernetIL/CAPLfunctionEthGetThisValue16.md', 'CAPLFunctions/Obsolete/EthernetIL/CAPLfunctionEthGetThisValue32.md']","['CAPLFunctions/Obsolete/EthernetIL/CAPLfunctionEthGetThisValue8.md', 'CAPLFunctions/IP/Selectors/CAPLfunctionProtocolByteOffset.md', 'CAPLFunctions/Obsolete/EthernetIL/CAPLfunctionEthGetThisValue64.md', 'CAPLFunctions/Obsolete/EthernetIL/CAPLfunctionEthGetThisValue16.md', 'CAPLFunctions/Obsolete/EthernetIL/CAPLfunctionEthGetThisValue32.md']",miss,0,99.0,same_parent_candidates,CAPLFunctions,CAPLFunctions/IP/Selectors,CAPLFunctions/Obsolete/EthernetIL/CAPLfunctionEthGetThisValue8.md,True,True
201,complex_task_zh,我正在处理SOME/IP方法调用，需要从请求消息中提取特定的参数值。我想了解如何使用符号路径来获取一个32位的原始数值，并了解在读取报错时如何查询具体的错误原因。,CAPLFunctions/IP/AUTOSARethIL/Functions/CAPLfunctionAREthGetValueDWord.md,True,查询具体的函数/方法,False,,"['CANoeCANalyzer/Ethernet/ILSomeIP/ILSomeIPUseValueAccessAPI.md', 'CAPLFunctions/IP/SOMEIPIL/Functions/CAPLfunctionSomeIpGetData.md', 'CAPLFunctions/IP/SOMEIPIL/Functions/CAPLfunctionSomeIpSyntaxDatabaseAccessPath.md', 'CAPLFunctions/IP/SOMEIPIL/Functions/CAPLfunctionSomeIpGetValueLong.md', 'CAPLFunctions/IP/SOMEIPIL/Functions/CAPLfunctionSomeIpGetValueDWord.md']","['CANoeCANalyzer/Ethernet/ILSomeIP/ILSomeIPUseValueAccessAPI.md', 'CAPLFunctions/IP/SOMEIPIL/Functions/CAPLfunctionSomeIpGetData.md', 'CAPLFunctions/IP/SOMEIPIL/Functions/CAPLfunctionSomeIpSyntaxDatabaseAccessPath.md', 'CAPLFunctions/IP/SOMEIPIL/Functions/CAPLfunctionSomeIpGetValueLong.md', 'CAPLFunctions/IP/SOMEIPIL/Functions/CAPLfunctionSomeIpGetValueDWord.md']",miss,0,99.0,same_top_module_candidates,CAPLFunctions,CAPLFunctions/IP/AUTOSARethIL/Functions,CANoeCANalyzer/Ethernet/ILSomeIP/ILSomeIPUseValueAccessAPI.md,False,True
201,complex_task_en,I'm handling SOME/IP method calls and need to extract specific parameter values from the request message. I want to understand how to use symbolic paths to get a 32-bit raw value and how to query specific error causes in case of a read error.,CAPLFunctions/IP/AUTOSARethIL/Functions/CAPLfunctionAREthGetValueDWord.md,True,查询具体的函数/方法,False,,"['CAPLFunctions/IP/SOMEIPIL/Functions/CAPLfunctionSomeIpGetValueQWord.md', 'CAPLFunctions/IP/SOMEIPIL/Functions/CAPLfunctionSomeIpGetValueLong.md', 'CAPLFunctions/IP/SOMEIPIL/Functions/CAPLfunctionSomeIpGetValueDWord.md', 'CAPLFunctions/IP/SOMEIPIL/Functions/CAPLfunctionSomeIpGetValueInt64.md', 'CAPLFunctions/IP/SOMEIPIL/Functions/CAPLfunctionSomeIpGetData.md']","['CAPLFunctions/IP/SOMEIPIL/Functions/CAPLfunctionSomeIpGetValueQWord.md', 'CAPLFunctions/IP/SOMEIPIL/Functions/CAPLfunctionSomeIpGetValueLong.md', 'CAPLFunctions/IP/SOMEIPIL/Functions/CAPLfunctionSomeIpGetValueDWord.md', 'CAPLFunctions/IP/SOMEIPIL/Functions/CAPLfunctionSomeIpGetValueInt64.md', 'CAPLFunctions/IP/SOMEIPIL/Functions/CAPLfunctionSomeIpGetData.md']",miss,0,99.0,same_top_module_candidates,CAPLFunctions,CAPLFunctions/IP/AUTOSARethIL/Functions,CAPLFunctions/IP/SOMEIPIL/Functions/CAPLfunctionSomeIpGetValueQWord.md,False,True
